id,nama,harga,brand,foto,spek,harga_promo,status,bonus
P01,CCTV EZVIZ INDOOR C6N  G1 8MP,1029000,CCTV EZVIZ,img\produk\C6N G1 8MP.jfif,kamera cctv indoor BERGARANSI 1 TAHUN (belum include biaya pasang),999000,,
P02,CCTV EZVIZ INDOOR C6N  2MP,495000,CCTV EZVIZ,img\produk\C6N 2MP.webp,kamera cctv indoor BERGARANSI 1 TAHUN (belum include biaya pasang),469000,,
P03,CCTV EZVIZ INDOOR TY1 2MP,495000,CCTV EZVIZ,img\produk\TY1 3MP.jfif,kamera cctv indoor BERGARANSI 1 TAHUN (belum include biaya pasang),469000,,
P04,CCTV EZVIZ INDOOR C6N  3MP,529000,CCTV EZVIZ,img\produk\C6N 2MP.webp,kamera cctv indoor BERGARANSI 1 TAHUN (belum include biaya pasang),499000,,
P05,CCTV EZVIZ INDOOR TY1 3MP,529000,CCTV EZVIZ,img\produk\TY1 3MP.jfif,kamera cctv indoor BERGARANSI 1 TAHUN (belum include biaya pasang),499000,,
P06,CCTV EZVIZ INDOOR C6N  5MP,729000,CCTV EZVIZ,img\produk\C6N G1 8MP.jfif,kamera cctv indoor BERGARANSI 1 TAHUN (belum include biaya pasang),699000,,
P07,CCTV EZVIZ INDOOR TY1 5MP,729000,CCTV EZVIZ,img\produk\TY1 5MP.jfif,kamera cctv indoor BERGARANSI 1 TAHUN (belum include biaya pasang),699000,,
P08,CCTV EZVIZ INDOOR TY1 8MP,1029000,CCTV EZVIZ,img\produk\TY1 5MP.jfif,kamera cctv indoor BERGARANSI 1 TAHUN (belum include biaya pasang),999000,,
P09,CCTV EZVIZ INDOOR H1C 2MP,459000,CCTV EZVIZ,img\produk\H1C 2MP.jfif,kamera cctv indoor BERGARANSI 1 TAHUN (belum include biaya pasang),429000,,
P10,CCTV EZVIZ INDOOR H6C 2MP,509000,CCTV EZVIZ,img\produk\H6C 2MP.jfif,kamera cctv indoor BERGARANSI 1 TAHUN (belum include biaya pasang),,tidak dijual,
P11,CCTV EZVIZ INDOOR H6C 3MP,529000,CCTV EZVIZ,img\produk\H6C 3MP.jfif,kamera cctv indoor BERGARANSI 1 TAHUN (belum include biaya pasang),499000,,
P12,CCTV EZVIZ INDOOR H6C 5MP,729000,CCTV EZVIZ,img\produk\H6C 3MP.jfif,kamera cctv indoor BERGARANSI 1 TAHUN (belum include biaya pasang),699000,,
P13,CCTV EZVIZ INDOOR H6C 8MP,1029000,CCTV EZVIZ,img\produk\H6C 3MP.jfif,kamera cctv indoor BERGARANSI 1 TAHUN (belum include biaya pasang),999000,,
P14,CCTV EZVIZ INDOOR H7C 4+4MP,1129000,CCTV EZVIZ,img\produk\H7C 4MP.jfif,kamera cctv indoor BERGARANSI 1 TAHUN (belum include biaya pasang),1099000,,
P15,CCTV EZVIZ OUTDOOR H3C 2MP,899000,CCTV EZVIZ,img\produk\H3C 2MP.jfif,kamera cctv outdoor BERGARANSI 1 TAHUN (belum include biaya pasang),849000,,
P16,CCTV EZVIZ OUTDOOR H3C 4MP,1129000,CCTV EZVIZ,img\produk\H3C 4MP.jfif,kamera cctv outdoor BERGARANSI 1 TAHUN (belum include biaya pasang),1099000,,
P17,CCTV EZVIZ OUTDOOR H3C 5MP,1229000,CCTV EZVIZ,img\produk\H3C 4MP.jfif,kamera cctv outdoor BERGARANSI 1 TAHUN (belum include biaya pasang),1199000,,
P18,CCTV EZVIZ OUTDOOR H8C 2MP,879000,CCTV EZVIZ,img\produk\H8C 2MP.webp,kamera cctv outdoor BERGARANSI 1 TAHUN (belum include biaya pasang),849000,,
P19,CCTV EZVIZ OUTDOOR H8C 3MP,979000,CCTV EZVIZ,img\produk\H8C 2MP.webp,kamera cctv outdoor BERGARANSI 1 TAHUN (belum include biaya pasang),949000,,
P20,CCTV EZVIZ OUTDOOR H8C 3MP 4G,1389000,CCTV EZVIZ,img\produk\H8C 2MP.webp,kamera cctv outdoor BERGARANSI 1 TAHUN (belum include biaya pasang),1349000,,
P21,CCTV EZVIZ OUTDOOR H8C 4MP,1129000,CCTV EZVIZ,img\produk\H8C 2MP.webp,kamera cctv outdoor BERGARANSI 1 TAHUN (belum include biaya pasang),1099000,,
P22,CCTV EZVIZ OUTDOOR H8C 5MP,1289000,CCTV EZVIZ,img\produk\H8C 2MP.webp,kamera cctv outdoor BERGARANSI 1 TAHUN (belum include biaya pasang),1249000,,
P23,CCTV EZVIZ OUTDOOR H8C 5MP 4G,1629000,CCTV EZVIZ,img\produk\H8C 2MP.webp,kamera cctv outdoor BERGARANSI 1 TAHUN (belum include biaya pasang),1599000,,
P24,CCTV EZVIZ OUTDOOR H8C 8MP,1629000,CCTV EZVIZ,img\produk\H8C 2MP.webp,kamera cctv outdoor BERGARANSI 1 TAHUN (belum include biaya pasang),1599000,,
P25,CCTV EZVIZ OUTDOOR H9C 3+3MP,1429000,CCTV EZVIZ,img\produk\H9C 3MP.jfif,kamera cctv outdoor BERGARANSI 1 TAHUN (belum include biaya pasang),1399000,,
P26,CCTV EZVIZ OUTDOOR H9C 5+5MP,1829000,CCTV EZVIZ,img\produk\H9C 3MP.jfif,kamera cctv outdoor BERGARANSI 1 TAHUN (belum include biaya pasang),1799000,,
P27,CCTV EZVIZ OUTDOOR H9C 5MP 4G,2229000,CCTV EZVIZ,img\produk\H9C 3MP.jfif,kamera cctv outdoor BERGARANSI 1 TAHUN (belum include biaya pasang),2199000,,
P28,EZVIZ H6 5MP,999000,CCTV EZVIZ,img\produk\EZVIZ H6 5MP.webp,kamera cctv outdoor BERGARANSI 1 TAHUN (belum include biaya pasang),969000,,
P29,EZVIZ C60P 3+3MP,1239000,CCTV EZVIZ,img\produk\EZVIZ C60P 3+3MP.jfif,kamera cctv outdoor BERGARANSI 1 TAHUN (belum include biaya pasang),1199000,,
P30,EZVIZ H4 3MP,999000,CCTV EZVIZ,img\produk\EZVIZ H4 3MP.jfif,kamera cctv outdoor BERGARANSI 1 TAHUN (belum include biaya pasang),969000,,
P31,EZVIZ H8X 4MP COLORNIGHT,1949000,CCTV EZVIZ,img\produk\EZVIZ H80X 8MP+2MP COLORNIGHT.jfif,kamera cctv outdoor BERGARANSI 1 TAHUN (belum include biaya pasang),1899000,,
P32,EZVIZ H80X 8MP+2MP COLORNIGHT,1949000,CCTV EZVIZ,img\produk\EZVIZ H80X 8MP+2MP COLORNIGHT.jfif,kamera cctv outdoor BERGARANSI 1 TAHUN (belum include biaya pasang),1899000,,
P33,EZVIZ H80F 4+4+4MP,2139000,CCTV EZVIZ,img\produk\EZVIZ H80F 4+4+4MP.jfif,kamera cctv outdoor BERGARANSI 1 TAHUN (belum include biaya pasang),2099000,,
P34,EZVIZ H90 4+4MP,1939000,CCTV EZVIZ,img\produk\EZVIZ H90 4+4MP.jfif,kamera cctv outdoor BERGARANSI 1 TAHUN (belum include biaya pasang),1899000,,
P35,EZVIZ HB8C 4G+SOLAR PANEL KIT,2538000,CCTV EZVIZ,img\produk\EZVIZ HB8C 4G+SOLAR PANEL KIT.jfif,kamera cctv outdoor BERGARANSI 1 TAHUN (belum include biaya pasang),2499000,,
P36,EZVIZ EB8 4G 4K,3438000,CCTV EZVIZ,img\produk\EZVIZ EB8 4G 4K.jfif,kamera cctv outdoor BERGARANSI 1 TAHUN (belum include biaya pasang),3399000,,
P37,EZVIZ EB8 4G 4K+SOLAR PANEL-E KIT,4238000,CCTV EZVIZ,img\produk\EZVIZ EB8 4G 4K+SOLAR PANEL-E KIT.jfif,kamera cctv outdoor BERGARANSI 1 TAHUN (belum include biaya pasang),4199000,,
P38,EZVIZ H8C POE 3MP,999000,CCTV EZVIZ,img\produk\EZVIZ H8C POE 3MP.jfif,kamera cctv outdoor BERGARANSI 1 TAHUN (belum include biaya pasang),949000,,
P39,EZVIZ H5 POE 3MP,969000,CCTV EZVIZ,img\produk\EZVIZ H5 POE 3MP.jfif,kamera cctv outdoor BERGARANSI 1 TAHUN (belum include biaya pasang),929000,,
P40,EZVIZ H4 POE 3MP,959000,CCTV EZVIZ,img\produk\EZVIZ H4 POE 3MP.jfif,kamera cctv outdoor BERGARANSI 1 TAHUN (belum include biaya pasang),919000,,
P41,EZVIZ HB8C   ,1939000,CCTV EZVIZ,img\produk\EZVIZ HB8C.jfif,kamera cctv outdoor BERGARANSI 1 TAHUN (belum include biaya pasang),1899000,,
P42,EZVIZ HB8C+SOLAR PANEL KIT,2399000,CCTV EZVIZ,img\produk\EZVIZ HB8C+SOLAR PANEL KIT.jpg,kamera cctv outdoor BERGARANSI 1 TAHUN (belum include biaya pasang),2349000,,
P43,NVR EZVIZ X5S 4 CHANNEL,1129000,CCTV EZVIZ,img\produk\EZVIZ X5S 4 CHANNEL.png,,1099000,,
P44,NVR EZVIZ X5S 8 CHANNEL,1329000,CCTV EZVIZ,img\produk\EZVIZ X5S 4 CHANNEL.png,,1299000,,
P45,SSD VGEN SATA PLATINUM 128GB ,656000,SSD VGEN PLATINUM,img\\produk\sata-3-platinum-128gb-rev-1.png,,,,
P46,SSD VGEN SATA PLATINUM 256GB,1216000,SSD VGEN PLATINUM,img\\produk\sata-3-platinum-256gb-rev-1.png,,,,
P47,SSD VGEN SATA PLATINUM 512GB,2238000,SSD VGEN PLATINUM,img\\produk\sata-3-platinum-512gb-rev-1.png,,,,
P48,SSD VGEN SATA PLATINUM 1TB,4199000,SSD VGEN PLATINUM,img\\produk\sata-3-platinum-1tb-rev-1.png,,,,
P49,SSD VGEN SATA PLATINUM 2TB,7628000,SSD VGEN PLATINUM,img\\produk\sata-3-platinum-2tb-rev-1.png,,,,
P50,SSD VGEN SATA PLATINUM 4TB,10322000,SSD VGEN PLATINUM,img\\produk\sata-3-platinum-front-rev-1.png,,,,
P51,SSD VGEN SATA RESCUE 128GB,608000,SSD VGEN RESCUE,img\\produk\sata-3-rescue-128gb-rev-1.png,,,,
P52,SSD VGEN SATA RESCUE 256GB,946000,SSD VGEN RESCUE,img\\produk\sata-3-rescue-256gb-rev-1.png,,,,
P53,SSD VGEN SATA RESCUE 512GB,1548000,SSD VGEN RESCUE,img\\produk\sata-3-rescue-512gb-rev-1.png,,,,
P54,SSD VGEN SATA RESCUE 1TB,2759000,SSD VGEN RESCUE,img\\produk\sata-3-rescue-1tb-rev-1.png,,,,
P55,SSD VGEN PORTABLE 128GB,748000,SSD VGEN PORTABLE,img\\produk\SSD PORTABLE 128GB.webp,,689000,,
P56,SSD VGEN PORTABLE 256GB,1288000,SSD VGEN PORTABLE,img\\produk\256GB.jfif,,1199000,,
P57,SSD VGEN PORTABLE 512GB,2343000,SSD VGEN PORTABLE,img\\produk\PSSD-2.png,,2195000,,
P58,SSD VGEN PORTABLE 1TB,4563000,SSD VGEN PORTABLE,img\\produk\1TB.jfif,,4367000,,
P59,SSD VGEN PORTABLE 2TB,7588000,SSD VGEN PORTABLE,img\\produk\PSSD-6.png,,7249000,,
P60,RAM PLATINUM DDR3 2GB 1333/1600,208000,RAM VGEN,img\\produk\DDR3-platinum-2gb-1600.png,,,,
P61,RAM PLATINUM DDR3 4GB 1333/1600,338000,RAM VGEN,img\\produk\DDR3-platinum-2gb-1600.png,,,,
P62,RAM PLATINUM DDR3 8GB 1333/1600,478000,RAM VGEN,img\\produk\DDR3-platinum-2gb-1600.png,,,,
P63,RAM PLATINUM DDR4 4GB 2133/2400/2666,686000,RAM VGEN,img\\produk\DDR4-platinum-4gb-2666 pc4-21300.png,,,,
P64,RAM PLATINUM DDR4 8GB 2133/2400/2666,1425000,RAM VGEN,img\\produk\DDR4-platinum-4gb-2666 pc4-21300.png,,,,
P65,RAM PLATINUM DDR4 16GB 2133/2400/2666,3066000,RAM VGEN,img\\produk\DDR4-platinum-4gb-2666 pc4-21300.png,,,,
P66,RAM PLATINUM DDR4 4GB 3200,606000,RAM VGEN,img\\produk\DDR4-platinum-8GB-3200 pc25600.png,,,,
P67,RAM PLATINUM DDR4 8GB 3200,1280000,RAM VGEN,img\\produk\DDR4-platinum-8GB-3200 pc25600.png,,,,
P68,RAM PLATINUM DDR4 16GB 3200,2760000,RAM VGEN,img\\produk\DDR4-platinum-8GB-3200 pc25600.png,,,,
P69,RAM PLATINUM DDR4 32GB 3200,5180000,RAM VGEN,img\\produk\DDR4-platinum-8GB-3200 pc25600.png,,,,
P70,RAM PLATINUM DDR5 8GB 4800,2460000,RAM VGEN,img\\produk\DDR5-platinum-8GB-4800mhz pc38400.png,,,,
P71,RAM PLATINUM DDR5 16GB 4800,4460000,RAM VGEN,img\\produk\DDR5-platinum-8GB-4800mhz pc38400.png,,,,
P72,RAM PLATINUM DDR5 32GB 4800,9296000,RAM VGEN,img\\produk\DDR5-platinum-8GB-4800mhz pc38400.png,,,,
P73,RAM PLATINUM DDR5 8GB 5600,2759000,RAM VGEN,img\\produk\DDR5-platinum-8GB-5600mhz pc-44800.png,,,,
P74,RAM PLATINUM DDR5 16GB 5600,4679000,RAM VGEN,img\\produk\DDR5-platinum-8GB-5600mhz pc-44800.png,,,,
P75,RAM PLATINUM DDR5 32GB 5600,9296000,RAM VGEN,img\\produk\DDR5-platinum-8GB-5600mhz pc-44800.png,,,,
P76,FD VGEN ASTRO 8GB,99000,FLASHDISK,img\\produk\ASTRO 8GB.jfif,,,,
P77,FD VGEN ASTRO 16GB,120000,FLASHDISK,img\\produk\ASTRO 16GB.jfif,,,,
P78,FD VGEN ASTRO 32GB,175000,FLASHDISK,img\\produk\astro-32gb-1.png,,,,
P79,FD VGEN ASTRO 64GB,248000,FLASHDISK,img\\produk\astro-64gb-1.png,,,,
P80,FD VGEN ASTRO 128GB,375000,FLASHDISK,img\\produk\astro-128gb-1.png,,,,
P81,FD VGEN ATOM 8GB,99000,FLASHDISK,img\\produk\atom-8gb-1.png,,,,
P82,FD VGEN ATOM 16GB,120000,FLASHDISK,img\\produk\atom-16gb-2.png,,,,
P83,FD VGEN ATOM 32GB,175000,FLASHDISK,img\\produk\atom-32gb-1.png,,,,
P84,FD VGEN ATOM 64GB,248000,FLASHDISK,img\\produk\atom-64gb-1.png,,,,
P85,FD VGEN ATOM 128GB,375000,FLASHDISK,img\\produk\ATOM 128GB.jfif,,,,
P86,FD VGEN OTG TYPE C 16GB,208000,FLASHDISK,img\\produk\otg-03-16gb-1.png,,,,
P87,FD VGEN OTG TYPE C 32GB,268000,FLASHDISK,img\\produk\otg-03-32gb-1.png,,,,
P88,FD VGEN OTG TYPE C 64GB,338000,FLASHDISK,img\\produk\otg-03-64gb-1.png,,,,
P89,FD VGEN OTG TYPE C 128GB,528000,FLASHDISK,img\\produk\otg-03-128gb-1.png,,,,
P90,FD VGEN OTG TYPE C 256GB,885000,FLASHDISK,img\\produk\otg-03-256gb-1.png,,,,
P91,MEMORY CARD CCTV HIVIEW 64GB,288000,MEMORY SD CCTV,img\produk\HIVIEW MEMORY CARD.png,,,,
P92,MEMORY CARD CCTV HIVIEW 128GB,545000,MEMORY SD CCTV,img\produk\HIVIEW MEMORY CARD.png,,,,
P93,MEMORY CARD CCTV LUXEN 64GB,298000,MEMORY SD CCTV,img\produk\LUXEN MEMORY CARD.jfif,,,,
P94,MEMORY CARD CCTV LUXEN 128GB,485000,MEMORY SD CCTV,img\produk\LUXEN MEMORY CARD.jfif,,,,
P95,MEMORY CARD CCTV EZVIZ 64GB,419000,MEMORY SD CCTV,img\produk\MEMORY EZVIZ.png,,,,
P96,MEMORY CARD CCTV EZVIZ 128GB,929000,MEMORY SD CCTV,img\produk\MEMORY EZVIZ.png,,,,
P97,BRACKET CCTV EZVIZ,55000,BRACKET CCTV EZVIZ,img\produk\BRACKET CCTV EZVIZ.jfif,,,,
P98,ACER ASPIRE LITE AL14-32P-C8PX DDR5 SILVER,6199000,LAPTOP ACER,img\produk\AL14-32P-C8PX DDR5 SILVER.jpg,CPU: CELERON N150; RAM : 8GB; SSD: 256GB; OS: W11+OHS+M365B; DISPLAY: 14 INCI  WUXGA,,tidak dijual,
P99,ACER ASPIRE LITE AL14-32P-C6CC DDR5 BLUE,6199000,LAPTOP ACER,img\produk\AL14-32P-C6CC DDR5 BLUE.png,CPU: CELERON N150; RAM: 8GB; SSD: 256GB; OS: W11+OHS+M365B; DISPLAY: 14 INCI WUXGA,,tidak dijual,
P100,ACER ASPIRE LITE AL14-37P-C9CP DDR4 SILVER,6199000,LAPTOP ACER,img\produk\AL14-37P-C9CP DDR4 SILVER BLUE PINK.png,CPU: CELERON N150; RAM: 8GB; SSD: 256GB; OS: W11+OHS+M365B; DISPLAY: 14 INCI WUXGA,,tidak dijual,
P101,ACER ASPIRE LITE AL14-37P-C3B7 DDR4 BLUE,5499000,LAPTOP ACER,img\produk\AL14-37P-C9CP DDR4 SILVER BLUE PINK.png,CPU: CELERON N150; RAM: 8GB; SSD: 256GB; OS: W11+OHS+M365B; DISPLAY: 14 WUXGA,,tidak dijual,
P102,ACER ASPIRE LITE  AL14-37P-C39A DDR4 NUDE PINK,5499000,LAPTOP ACER,img\produk\AL14-37P-C9CP DDR4 SILVER BLUE PINK.png,CPU: CELERON N150; RAM: 8GB; SSD: 256GB; OS: W11+OHS+M365B; DISPLAY: 14 WUXGA,,tidak dijual,
P103,ACER ASPIRE AL14-32P-C9VS DDR5 SILVER,7499000,LAPTOP ACER,img\produk\AL14-32P-C9VS DDR5 SILVER BLUE.png,CPU: CELERON N150; RAM: 8GB; SSD: 512GB; OS: W11+OHS + OFFICE 365 1 THN; DISPLAY: 14 INCI WUXGA,7299000,tidak dijual,
P104,ACER AL14-36P-C7VD GREY,8149000,LAPTOP ACER,img\produk\ACER AL14-36P-C7VD GREY.jfif,CPU: CELERON N4500; RAM: 8GB; SSD: 512GB; OS: W11+OHS + OFFICE 365 ; DISPLAY: 14 INCI FHD,,,
P105,ACER AL14-36P-C7Q8 PINK,8149000,LAPTOP ACER,img\produk\AL14-36P-C7Q8 PINK.webp,CPU: CELERON N4500; RAM: 8GB; SSD: 512GB; OS: W11+OHS + OFFICE 365 ; DISPLAY: 14 INCI FHD,,,
P106,ACER AL14-36P-C9YY BLUE,8149000,LAPTOP ACER,img\produk\ACER AL14-36P-C9YY BLUE.jfif,CPU: CELERON N4500; RAM: 8GB; SSD: 512GB; OS: W11+OHS + OFFICE 365 ; DISPLAY: 14 INCI FHD,,,
P107,ACER AL14-37P-C3DZ DDR4 SILVER,8249000,LAPTOP ACER,img\produk\AL14-37P-C3DZ DDR4 SILVER.jfif,CPU: CELERON N150; RAM: 8GB; SSD: 512GB; OS: W11+OHS; DISPLAY: 14 INCI WUXGA; NOTE :OFFICE 365 1 THN,,,
P108,ACER AL14-53M-36GD SILVER,9049000,LAPTOP ACER,img\produk\ACER AL14-53M-36GD SILVER.jfif,CPU: CORE I3-1315; RAM: 8GB; SSD: 512GB; OS: W11+OHS+M365B; DISPLAY: 14 INCI WUXGA IPS ,,,
P109,ACER AG14-72P-3L51 SILVER,9049000,LAPTOP ACER,img\produk\ACER AG14-72P-3L51 SILVER.jfif,CPU: CORE I3-1315; RAM: 8GB; SSD: 512GB; OS: W11+OHS+M365B; DISPLAY: 14 INCI WUXGA IPS ,,,
P110,ACER AG14-72P-38GD SILVER,9049000,LAPTOP ACER,img\produk\ACER AG14-72P-38GD SILVER.jfif,CPU: CORE I3-1315; RAM: 8GB; SSD: 512GB; OS: W11+OHS+M365B; DISPLAY: 14 INCI WUXGA IPS ,,,
P111,ACER AL14-42P-R2RJ SILVER,8699000,LAPTOP ACER,img\produk\ACER AL14-42P-R2RJ SILVER.jfif,CPU: RYZEN 3 5300; RAM: 8GB DDR4; SSD: 512GB; OS: W11+OHS; DISPLAY: 14 INCI WUXGA IPS,,,
P112,ACER AL14-42P-R1D5 ROSE SAKURA,8699000,LAPTOP ACER,img\produk\ACER AL14-42P-R1D5 ROSE SAKURA.jfif,CPU: RYZEN 3 5300; RAM: 8GB DDR4; SSD: 512GB; OS: W11+OHS; DISPLAY: 14 INCI WUXGA IPS,,,
P113,ACER AL14-45P-R8JN SILVER,8799000,LAPTOP ACER,img\produk\ACER AL14-45P-R8JN SILVER.jfif,CPU: RYZEN3 5400; RAM: 8GB DDR4; SSD: 512GB; OS: W11+OHS; DISPLAY: 14 INCI WUXGA IPS,,,
P114,ACER ASPIRE AL14-32P-C1ES DDR5 BLUE,6599000,LAPTOP ACER,img\produk\AL14-32P-C9VS DDR5 SILVER BLUE.png,CPU: CELERON N150; RAM: 8GB; SSD: 512GB; OS: W11+OHS + OFFICE 365 1 THN; DISPLAY: 14 INCI WUXGA,,tidak dijual,
P115,ACER ASPIRE AL14-37P-C1UK DDR4 BLUE,6599000,LAPTOP ACER,img\produk\AL14-35-C1UK DDR4 BLUE.webp,CPU: CELERON N150; RAM: 8GB; SSD: 512GB; OS: W11+OHS + OFFICE 365 1 THN; DISPLAY: 14 INCI WUXGA,,tidak dijual,
P116,ACER ASPIRE LITE 14 AL14-32P-37SA DDR5 SILVER,6499000,LAPTOP ACER,img\produk\AL14-32P-C8PX DDR5 SILVER.jpg,CPU: COREI3 N355; RAM: 8GB; SSD: 256GB; OS: W11+OHS; DISPLAY: 14 INCI WUXGA IPS,,tidak dijual,
P117,ACER ASPIRE LITE 15 AL14-37P-38NN DDR4 BLUE,6499000,LAPTOP ACER,img\produk\AL14-37P-C9CP DDR4 SILVER BLUE PINK.png,CPU: COREI3 N355; RAM: 8GB; SSD: 256GB; OS: W11+OHS; DISPLAY: 14 INCI WUXGA IPS,,tidak dijual,
P118,ACER ASPIRE LITE 16 AL14-37P-3511 DDR4 NUDE PINK,6499000,LAPTOP ACER,img\produk\AL14-37P-C9CP DDR4 SILVER BLUE PINK.png,CPU: COREI3 N355; RAM: 8GB; SSD: 256GB; OS: W11+OHS; DISPLAY: 14 INCI WUXGA IPS,,tidak dijual,
P119,ACER ASPIRE AL14-32P-38RE DDR5 SILVER,8349000,LAPTOP ACER,img\produk\AL14-32P-C8PX DDR5 SILVER.jpg,CPU: CORE I3 N355; RAM: 8GB; SSD: 512GB; OS: W11+OHS; DISPLAY: 14 INCI WUXGA IPS,,tidak dijual,
P120,ACER ASPIRE  AL14-32P-37CE DDR5 BLUE,7999000,LAPTOP ACER,img\produk\AL14-37P-C9CP DDR4 SILVER BLUE PINK.png,CPU: CORE I3 N355; RAM: 8GB; SSD: 512GB; OS: W11+OHS; DISPLAY: 14 INCI WUXGA IPS,,tidak dijual,
P121,ACER ASPIRE AL14-37P-32RZ DDR4 SILVER,8349000,LAPTOP ACER,img\produk\AL14-37P-C9CP DDR4 SILVER BLUE PINK.png,CPU: CORE I3 N355; RAM: 8GB; SSD: 512GB; OS: W11+OHS; DISPLAY: 14 INCI WUXGA IPS,,tidak dijual,
P122,ACER ASPIRE AL14-37P-36AW DDR4 PINK,,LAPTOP ACER,img\produk\AL14-37P-C9CP DDR4 SILVER BLUE PINK.png,CPU: CORE I3 N355; RAM: 8GB; SSD: 512GB; OS: W11+OHS; DISPLAY: 14 INCI WUXGA IPS,,tidak dijual,
P123,ACER AL14-36P-C25A GREY,7999000,LAPTOP ACER,img\produk\ACER AL14-36P-C25A GREY.jpg,CPU: CELERON N4500; RAM: 8GB DDR4; SSD: 256GB; OS:  W11+OHS+M365B; DISPLAY: 14 INCI FHD IPS,,,
P124,ACER AL14-36P-C27D SILVER,7999000,LAPTOP ACER,img\produk\ACER AL14-36P-C27D SILVER.jfif,CPU: CELERON N4500; RAM: 8GB DDR4; SSD: 256GB; OS:  W11+OHS+M365B; DISPLAY: 14 INCI FHD IPS,,,
P125,ACER AL14-36P-C7GE BLUE,7999000,LAPTOP ACER,img\produk\ACER AL14-36P-C7GE BLUE.jfif,CPU: CELERON N4500; RAM: 8GB DDR4; SSD: 256GB; OS:  W11+OHS+M365B; DISPLAY: 14 INCI FHD IPS,,,
P126,ACER AL14-36P-C22J PINK,7999000,LAPTOP ACER,img\produk\ACER AL14-36P-C22J PINK.jfif,CPU: CELERON N4500; RAM: 8GB DDR4; SSD: 256GB; OS:  W11+OHS+M365B; DISPLAY: 14 INCI FHD IPS,,,
P127,ACER AL14-35-C1UK DDR4 BLUE,8249000,LAPTOP ACER,img\produk\ACER AL14-35-C1UK DDR4 BUE.jpg,CPU: CELERON N150; RAM: 8GB; SSD: 512GB; OS: W11+OHS; DISPLAY: 14 INCI WUXGA; NOTE :OFFICE 365 1 THN,,,
P128,ACER AG14-72P-39WU SILVER,8599000,LAPTOP ACER,img\produk\ACER AG14-72P-39WU SILVER.jfif,CPU: CORE I3-1315; RAM: 8GB DDR4; SSD: 256GB; OS: W11+OHS+M365B; DISPLAY: 14 INCI WUXGA IPS,,,
P129,ACER AL14-37P-32RZ DDR4 SILVER,8900000,LAPTOP ACER,img\produk\ACER AL14-37P-32RZ DDR4 SILVER.webp,CPU: CORE I3 N355; RAM: 8GB; SSD: 512GB; OS: W11+OHS; DISPLAY: 14 INCI WUXGA IPS,,,
P130,ACER Al14-37P-32AV DDR4 BLUE,8900000,LAPTOP ACER,img\produk\ACER Al14-37P-32AV DDR4 BLUE.jfif,CPU: CORE I3 N355; RAM: 8GB; SSD: 512GB; OS: W11+OHS; DISPLAY: 14 INCI WUXGA IPS,,,
P131,ACER AL14-32P-38RE DDR5 SILVER,8900000,LAPTOP ACER,img\produk\ACER AL14-37P-32RZ DDR4 SILVER.webp,CPU: CORE I3 N355; RAM: 8GB; SSD: 512GB; OS: W11+OHS; DISPLAY: 14 INCI WUXGA IPS,,,
P132,ACER AL14-32P-34FK DDR5 SILVER,8900000,LAPTOP ACER,img\produk\ACER AL14-37P-32RZ DDR4 SILVER.webp,CPU: CORE I3 N355; RAM: 8GB; SSD: 512GB; OS: W11+OHS; DISPLAY: 14 INCI WUXGA IPS,,,
P133,ACER AL15-42P-R50P SILVER,10099000,LAPTOP ACER,img\produk\ACER AL15-42P-R50P SILVER.jfif,CPU: RYZEN 5 7430; RAM: 8GB DDR4; SSD: 512GB; OS: W11+OHS+M365B; DISPLAY: 15.6 INCI,,,
P134,ACER AL14-44P-R1XH LIGHT SILVER,10699000,LAPTOP ACER,img\produk\ACER AL14-44P-R1XH LIGHT SILVER.jfif,CPU: RYZEN 7 7730; RAM: 8GB DDR4; SSD: 512GB; OS: W11+OHS+M365B; DISPLAY: 14 INCI WUXGA IPS,,,
P135,ACER AG14-72P-571C SILVER,9999000,LAPTOP ACER,img\produk\ACER AG14-72P-571C SILVER.jfif,CPU: CORE I5 120U; RAM: 8GB DDR4; SSD: 512GB NVME (1 SLOT); OS: W11+OHS+M365B; DISPLAY: 14 INCI WUXGA IPS,,,
P136,ACER AG14-72P-591X NEO GREEN,9999000,LAPTOP ACER,img\produk\ACER AG14-72P-591X NEO GREEN.jfif,CPU: CORE I5 120U; RAM: 8GB DDR4; SSD: 512GB NVME (1 SLOT); OS: W11+OHS+M365B; DISPLAY: 14 INCI WUXGA IPS,,,
P137,ACER AG14-72P-58AK PALE PURPLE,9999000,LAPTOP ACER,img\produk\ACER AG14-72P-58AK PALE PURPLE.jfif,CPU: CORE I5 120U; RAM: 8GB DDR4; SSD: 512GB NVME (1 SLOT); OS: W11+OHS+M365B; DISPLAY: 14 INCI WUXGA IPS,,,
P138,ACER AG14-72P-50C7 GREY,10999000,LAPTOP ACER,img\produk\ACER AG14-72P-50C7 GREY.jfif,CPU: CORE I5 120U; RAM: 16GB; SSD: 512GB; OS: W11+OHS; DISPLAY: 14 INCI WUXGA IPS,,,
P139,ACER AG14-72P-52Z2 MATCHA,10999000,LAPTOP ACER,img\produk\ACER AG14-72P-52Z2 MATCHA.jfif,CPU: CORE I5 120U; RAM: 16GB; SSD: 512GB; OS: W11+OHS; DISPLAY: 14 INCI WUXGA IPS,,,
P140,ACER TRAVELMATE X14 TMX14-51-72HW SILVER,12899000,LAPTOP ACER,img\produk\ACER TRAVELMATE X14 TMX14-51-72HW SILVER.jfif,CPU: CORE 7-150; RAM: 16GB DDR5; SSD: 512GB PCle NVME; DISPLAY:  14 INCI WUXGA IPS; OS: W11+OHS24+M365,,,
P141,ACER ASPIRE GO 14 AG14-71M-7705 SILVER,14499000,LAPTOP ACER,img\produk\ACER ASPIRE GO 14 AG14-71M-7705 SILVER.jfif,CPU: ULTRA 7-155H; RAM: 16GB DDR5; SSD: 512GB; DISPLAY: 14 INCI WUXGA IPS; OS: W11+OHS+M365,,,
P142,ASUS E210KA-HD4411M PEACOCK BLUE,,LAPTOP ASUS,img\produk\E210KA-HD4411M PEACOCK BLUE.webp,CPU: CELERON N4500; RAM: 8GB; SSD: 128GB; OS: WIN11+OHS + OFFICE 365 1 TAHUN; DISPLAY: 11.6 INCI HD,,tidak dijual,
P143,ASUS E210KA-HD4413M STAR BLACK,,LAPTOP ASUS,img\produk\E210KA-HD4413M STAR BLACK.png,CPU: CELERON N4500; RAM: 8GB; SSD: 128GB; OS: WIN11+OHS + OFFICE 365 1 TAHUN; DISPLAY: 11.6 INCI HD,,tidak dijual,
P144,ASUS E410KA-FHD4821M BLACK,7299000,LAPTOP ASUS,img\produk\E410KA-FHD4821M BLACK SILVER BLUE PINK.png,CPU: CELERON N4500; RAM: 8GB; SSD: 256GB; OS: WIN11+OHS + OFFICE 365 1 TAHUN; DISPLAY: 14 INCI FHD ,7199000,tidak dijual,
P145,ASUS E410KA-FHD4822M ROSE PINK,,LAPTOP ASUS,img\produk\E410KA-FHD4821M BLACK SILVER BLUE PINK.png,CPU: CELERON N4500; RAM: 8GB; SSD: 256GB; OS: WIN11+OHS + OFFICE 365 1 TAHUN; DISPLAY: 14 INCI FHD ,,tidak dijual,
P146,ASUS E410KA-FHD4823M PEACOCK BLUE,7299000,LAPTOP ASUS,img\produk\E410KA-FHD4821M BLACK SILVER BLUE PINK.png,CPU: CELERON N4500; RAM: 8GB; SSD: 256GB; OS: WIN11+OHS + OFFICE 365 1 TAHUN; DISPLAY: 14 INCI FHD ,7199000,tidak dijual,
P147,ASUS E410KA-FHD4824M DREAMY WHITE ,,LAPTOP ASUS,img\produk\E410KA-FHD4821M BLACK SILVER BLUE PINK.png,CPU: CELERON N4500; RAM: 8GB; SSD: 256GB; OS: WIN11+OHS + OFFICE 365 1 TAHUN; DISPLAY: 14 INCI FHD ,,tidak dijual,
P148,ASUS VIVOBOOK GO 14 E410KA-FHD4851M STAR BLACK,7499000,LAPTOP ASUS,img\produk\ASUS VIVOBOOK GO 14  E410KA-FHD4851M STAR BLACK BLUE  PNIK.png,CPU: CELERON N4500; RAM: 8GB; SSD: 512GB; OS: W11+OHS+M365  BACKLIT KEYBOARD; DISPLAY: 14 INCIFHD ,,tidak dijual,
P149,ASUS VIVOBOOK GO 14 E410KA-FHD4852M ROSE PINK,,LAPTOP ASUS,img\produk\ASUS VIVOBOOK GO 14  E410KA-FHD4851M STAR BLACK BLUE  PNIK.png,CPU: CELERON N4500; RAM: 8GB; SSD: 512GB; OS: W11+OHS+M365  BACKLIT KEYBOARD; DISPLAY: 14 INCIFHD ,,tidak dijual,
P150,ASUS VIVOBOOK GO 14 E410KA-FHD4853M PEACOCK BLUE,7499000,LAPTOP ASUS,img\produk\ASUS VIVOBOOK GO 14  E410KA-FHD4851M STAR BLACK BLUE  PNIK.png,CPU: CELERON N4500; RAM: 8GB; SSD: 512GB; OS: W11+OHS+M365  BACKLIT KEYBOARD; DISPLAY: 14 INCIFHD ,,tidak dijual,
P151,ASUS A1404VA-VIPS3821M QUIET BLUE,8299000,LAPTOP ASUS,img\produk\A1404VA-VIPS3821M QUIET 3 WARNA.png,CPU: CORE I3-1315U; RAM: 8GB; SSD: 256GB; OS: WIN 11+ OHS + M365; DISPLAY: 14 INCI FHD ,,tidak dijual,
P152,ASUS A1404VA-VIPS3822M TERRA COTA,8299000,LAPTOP ASUS,img\produk\A1404VA-VIPS3821M QUIET 3 WARNA.png,CPU: CORE I3-1315U; RAM: 8GB; SSD: 256GB; OS: WIN 11+ OHS + M365; DISPLAY: 14 INCI FHD ,,tidak dijual,
P153,ASUS A1404VA-VIPS3823M TRANSPARANT SILVER,8299000,LAPTOP ASUS,img\produk\A1404VA-VIPS3821M QUIET 3 WARNA.png,CPU: CORE I3-1315U; RAM: 8GB; SSD: 256GB; OS: WIN 11+ OHS + M365; DISPLAY: 14 INCI FHD ,,tidak dijual,
P154,ASUS A1404VA-VIPS3851M QUIET BLUE,10199000,LAPTOP ASUS,img\produk\A1404VA-VIPS3821M QUIET 3 WARNA.png,CPU: CORE I3-1315U; RAM: 8GB; SSD: 512GB; OS: W11+OHS+M365; DISPLAY: 14 INCI,,,
P155,ASUS A1404VA-VIPS3852M TERRACOTTA,10199000,LAPTOP ASUS,img\produk\A1404VA-VIPS3821M QUIET 3 WARNA.png,CPU: CORE I3-1315U; RAM: 8GB; SSD: 512GB; OS: W11+OHS+M365; DISPLAY: 14 INCI,,,
P156,ASUS A1404VA-VIPS3853M TRANSPARANT SILVER,10199000,LAPTOP ASUS,img\produk\A1404VA-VIPS3821M QUIET 3 WARNA.png,CPU: CORE I3-1315U; RAM: 8GB; SSD: 512GB; OS: W11+OHS+M365; DISPLAY: 14 INCI,,,
P157,ASUS A1404VAP-VIPS5851M QUIET BLUE,11399000,LAPTOP ASUS,img\produk\A1404VA-VIPS3821M QUIET 3 WARNA.png,CPU: CORE 5-120U; RAM: 8GB; SSD: 512GB; OS: WIN11+ OHS + M365; DISPLAY: 14 INCI FHD IPS ,11099000,tidak dijual,
P158,ASUS A1404VAP-VIPS5852M TERRA COTTA,11399000,LAPTOP ASUS,img\produk\A1404VA-VIPS3821M QUIET 3 WARNA.png,CPU: CORE 5-120U; RAM: 8GB; SSD: 512GB; OS: WIN11+ OHS + M365; DISPLAY: 14 INCI FHD IPS ,11099000,tidak dijual,
P159,ASUS A1404VAP-VIPS5853M COOL SILVER,11399000,LAPTOP ASUS,img\produk\A1404VA-VIPS3821M QUIET 3 WARNA.png,CPU: CORE 5-120U; RAM: 8GB; SSD: 512GB; OS: WIN11+ OHS + M365; DISPLAY: 14 INCI FHD IPS ,11099000,tidak dijual,
P160,ASUS A1404VAP-VIPS5151M QUIET BLUE,12399000,LAPTOP ASUS,img\produk\A1404VA-VIPS3821M QUIET 3 WARNA.png,CPU: Core 5 120U; RAM: 8GB+8GB; SSD: 512GB; OS: OPI 2024 + FREE M365  Win 11; DISPLAY: 14 INCI VIPS+FHD;  NOTE: Upgradable,11799000,tidak dijual,
P161,ASUS A1404VAP-VIPS5152M TERRA COTTA,12399000,LAPTOP ASUS,img\produk\A1404VA-VIPS3821M QUIET 3 WARNA.png,CPU: Core 5 120U; RAM: 8GB+8GB; SSD: 512GB; OS: OPI 2024 + FREE M365  Win 11; DISPLAY: 14 INCI VIPS+FHD; NOTE:  Upgradable,11799000,tidak dijual,
P162,ASUS A1404VAP-VIPS5153M COOL SILVER,12399000,LAPTOP ASUS,img\produk\A1404VA-VIPS3821M QUIET 3 WARNA.png,CPU: Core 5 120U; RAM: 8GB+8GB; SSD: 512GB; OS: OPI 2024 + FREE M365  Win 11; DISPLAY: 14 INCI VIPS+FHD; NOTE: Upgradable,11799000,tidak dijual,
P163,ASUS A1404VAP-VIPS5154M QUIET BLUE,12599000,LAPTOP ASUS,img\produk\A1404VA-VIPS3821M QUIET 3 WARNA.png,CPU: Core 5 120U; RAM: 8GB+8GB; SSD: 512GB; OS: OPI 2024 + FREE M365  Win 11; DISPLAY: 14 INCI VIPS+FHD; NOTE: Upgradable,,,
P164,ASUS A1404VAP-VIPS5155M TERRA COTTA,12599000,LAPTOP ASUS,img\produk\A1404VA-VIPS3821M QUIET 3 WARNA.png,CPU: Core 5 120U; RAM: 8GB+8GB; SSD: 512GB; OS: OPI 2024 + FREE M365  Win 11; DISPLAY: 14 INCI VIPS+FHD; NOTE: Upgradable,,,
P165,ASUS A1404VAP-VIPS5156M COOL SILVER,12599000,LAPTOP ASUS,img\produk\A1404VA-VIPS3821M QUIET 3 WARNA.png,CPU: Core 5 120U; RAM: 8GB+8GB; SSD: 512GB; OS: OPI 2024 + FREE M365  Win 11; DISPLAY: 14 INCI VIPS+FHD; NOTE: Upgradable,,,
P166,ASUS S3407VA-VIPS5111M MATTE GRAY,12499000,LAPTOP ASUS,img\produk\S3407VA-VIPS5111M MATTE GRAY.png,CPU: CORE 5 210H; RAM: 16GB; SSD: 1TB; OS: W11+OHS + M365; DISPLAY:  14 INCI,,tidak dijual,
P167,ASUS S3407VA-VIPS5112M COOL SILVER,12499000,LAPTOP ASUS,img\produk\S3407VA-VIPS5112M COOL SILVER.webp,CPU: CORE 5 210H; RAM: 16GB; SSD: 1TB; OS: W11+OHS + M365; DISPLAY:  14 INCI,,tidak dijual,
P168,ASUS A1404VA-VIPS7153M SILVER,11699000,LAPTOP ASUS,img\produk\A1404VA-VIPS7153M SILVER.png,CPU: CORE I7-1355U; RAM: 16GB; SSD: 512GB; OS: W11+OHS  + OFFICE 365 1 TAHUN; DISPLAY: 14 INCI FHD IPS,,tidak dijual,
P169,ASUS A1404VAP-VIPS7111M QUIET BLUE,17999000,LAPTOP ASUS,img\produk\A1404VAP-VIPS7111M QUIET BLUE 3WARNA.png,CPU: CORE 7-150U; RAM: 16GB; SSD: 1TB; OS: W11+OHS+M365; DISPLAY: 14 INCI,15999000,,
P170,ASUS A1404VAP-VIPS7112M TERRA COTTA,17999000,LAPTOP ASUS,img\produk\A1404VAP-VIPS7111M QUIET BLUE 3WARNA.png,CPU: CORE 7-150U; RAM: 16GB; SSD: 1TB; OS: W11+OHS+M365; DISPLAY: 14 INCI,15999000,tidak dijual,
P171,ASUS A1404VAP-VIPS7113M COOL SILVER,17999000,LAPTOP ASUS,img\produk\A1404VAP-VIPS7111M QUIET BLUE 3WARNA.png,CPU: CORE 7-150U; RAM: 16GB; SSD: 1TB; OS: W11+OHS+M365; DISPLAY: 14 INCI,15999000,,
P172,ASUS S3407CA-VIPS7111M GREY,15499000,LAPTOP ASUS,img\produk\S3407CA-VIPS7111M GREY SILVER.png,CPU: ULTRA 7 255H; RAM: 16GB; SSD: 1TB; OS: WIN 11 + OHM + M365; DISPLAY: 14 INCI IPS WUXGA  ,,tidak dijual,
P173,ASUS S3407CA-VIPS7112M COOL SILVER,15499000,LAPTOP ASUS,img\produk\S3407CA-VIPS7111M GREY SILVER.png,CPU: ULTRA 7 255H; RAM: 16GB; SSD: 1TB; OS: WIN 11 + OHM + M365; DISPLAY: 14 INCI IPS WUXGA  ,,tidak dijual,
P174,ASUS ASUS PRO 15 N6506CU-OLEDS9211M GREY,29499000,LAPTOP ASUS,img\produk\ASUS PRO 15 N6506CU-OLEDS9211M GREY.jpg,"CPU: ULTRA 9-285H; RAM: 24GB; SSD: 1TB; GRAPHIC: RTX4050 6GB; OS: W11+OHS; DISPLAY: 15.6"" 3K 120Hz OLED SCREEN",,,
P175,ASUS QUALCOMM VIVOBOOK A1407QA-VIPS151M QUIET BLUE,15199000,LAPTOP ASUS,img\produk\QUALCOMM VIVOBOOK A1407QA-VIPS151M QUIET BLUE.png,CPU: Snapdragon X126100; RAM: 16GB; SSD: 512GB; OS: WIN11 OHM+M365; DISPLAY: 14 INCI WUXGA IPS ,,tidak dijual,
P176,ASUS QUALCOMM VIVOBOOK A1407QA-VIPS152M PLATINUM GOLD,15199000,LAPTOP ASUS,img\produk\QUALCOMM VIVOBOOK A1407QA-VIPS151M QUIET BLUE.png,CPU: Snapdragon X126100; RAM: 16GB; SSD: 512GB; OS: WIN11 OHM+M365; DISPLAY: 14 INCI WUXGA IPS ,,tidak dijual,
P177,ASUS QUALCOMM VIVOBOOK A1407QA-VIPS153M COOL SILVER,15199000,LAPTOP ASUS,img\produk\QUALCOMM VIVOBOOK A1407QA-VIPS151M QUIET BLUE.png,CPU: Snapdragon X126100; RAM: 16GB; SSD: 512GB; OS: WIN11 OHM+M365; DISPLAY: 14 INCI WUXGA IPS ,,tidak dijual,
P178,ASUS S3407QA-IPSP151M MATTE GREY,9999000,LAPTOP ASUS,img\produk\S3407QA-IPSP151M MATTE GREY.jpg,CPU: Snapdragon X126100; RAM: 16GB; SSD: 512GB; OS: WIN11 OHM+M365 DISPLAY: 14 INCI WUXGA IPS 2.5K ,,tidak dijual,
P179,ASUS S3407QA-IPSP152M COOL SILVER,9999000,LAPTOP ASUS,img\produk\S3407QA-IPSP151M MATTE GREY.jpg,CPU: Snapdragon X126100; RAM: 16GB; SSD: 512GB; OS: WIN11 OHM+M365 DISPLAY: 14 INCI WUXGA IPS 2.5K ,,tidak dijual,
P180,ASUS E1404FA-FHD3821M BLACK,8299000,LAPTOP ASUS,img\produk\E1404FA-FHD3821M BLACK.png,CPU: RYZEN 3-7320U; RAM: 8GB; SSD: 256GB; OS: W11+OHS  BACKLIT KEYBOARD; DISPLAY: FHD  14 INCI,,tidak dijual,
P181,ASUS E1404FA-FHD3822M GREEN GREY,8299000,LAPTOP ASUS,img\produk\E1404FA-FHD3821M BLACK.png,CPU: RYZEN 3-7320U; RAM: 8GB; SSD: 256GB; OS: W11+OHS  BACKLIT KEYBOARD; DISPLAY: FHD  14 INCI,,tidak dijual,
P182,ASUS E1404FA-FHD3823M SILVER,8299000,LAPTOP ASUS,img\produk\E1404FA-FHD3821M BLACK.png,CPU: RYZEN 3-7320U; RAM: 8GB; SSD: 256GB; OS: W11+OHS  BACKLIT KEYBOARD; DISPLAY: FHD  14 INCI,,tidak dijual,
P183,ASUS E1404TA-VIPS1821M BLACK,7599000,LAPTOP ASUS,img\produk\ASUS E1404TA-VIPS1821M BLACK.webp,CPU: INTEL N150; RAM: 8GB; SSD: 256GB; OS: W11+OHS+M365; DISPLAY: FHD  14 INCI,,tidak dijual,
P184,ASUS E1404TA-VIPS1822M SILVER,7599000,LAPTOP ASUS,img\produk\ASUS E1404TA-VIPS1822M SILVER.webp,CPU: INTEL N150; RAM: 8GB; SSD: 256GB; OS: W11+OHS+M365; DISPLAY: FHD  14 INCI,,tidak dijual,
P185,ASUS E1404FA-FHD3851M MIXED BLACK,8999000,LAPTOP ASUS,img\produk\E1404FA-FHD3821M BLACK.png,CPU: RYZEN 3-7320U; RAM: 8GB; SSD: 512GB; OS: W11+OHS  BACKLIT KEYBOARD; DISPLAY:  FHD  14 INCI,8799000,tidak dijual,
P186,ASUS E1404FA-FHD3852M GREEN GREY,8999000,LAPTOP ASUS,img\produk\E1404FA-FHD3821M BLACK.png,CPU: RYZEN 3-7320U; RAM: 8GB; SSD: 512GB; OS: W11+OHS  BACKLIT KEYBOARD; DISPLAY:  FHD  14 INCI,8799000,tidak dijual,
P187,ASUS E1404FA-FHD3853M COOL SILVER,8999000,LAPTOP ASUS,img\produk\E1404FA-FHD3821M BLACK.png,CPU: RYZEN 3-7320U; RAM: 8GB; SSD: 512GB; OS: W11+OHS  BACKLIT KEYBOARD; DISPLAY:  FHD  14 INCI,8799000,tidak dijual,
P188,ASUS E1504FA-VIPS3151M MIXED BLACK,,LAPTOP ASUS,img\produk\E1404FA-FHD3821M BLACK.png,"CPU: RYZEN 3-7320U; RAM: 16GB; SSD: 512GB; OS: W11+OHS+365; DISPLAY: 15.6"" ; NOTE: NON UPGRADE",,tidak dijual,
P189,ASUS E1504FA-VIPS3152M GREEN GREY,,LAPTOP ASUS,img\produk\E1404FA-FHD3821M BLACK.png,"CPU: RYZEN 3-7320U; RAM: 16GB; SSD: 512GB; OS: W11+OHS+365; DISPLAY: 15.6"" ; NOTE: NON UPGRADE",,tidak dijual,
P190,ASUS E1504FA-VIPS3153M COOL SILVER,,LAPTOP ASUS,img\produk\E1404FA-FHD3821M BLACK.png,"CPU: RYZEN 3-7320U; RAM: 16GB; SSD: 512GB; OS: W11+OHS+365; DISPLAY: 15.6"" ; NOTE: NON UPGRADE",,tidak dijual,
P191,ASUS E1404GA-FHD3821M MIXED BLACK ,,LAPTOP ASUS,img\produk\ASUS E1404GA-FHD3821M MIXED BLACK.webp,CPU :CORE I3-N305; RAM: 8GB; SSD: 256GB; OS: W11+OHS; DISPLAY: 14 INCI FHD; NOTE:  BACKLIT KEYBOARD; FINGERPRINT; FREE MOUSE BLUETOOTH,,tidak dijual,
P192,ASUS E1404GA-FHD3822M GREEN GREY,,LAPTOP ASUS,img\produk\E1404GA-FHD3822M GREEN GREY.jpg,CPU :CORE I3-N305; RAM: 8GB; SSD: 256GB; OS: W11+OHS; DISPLAY: 14 INCI FHD; NOTE:  BACKLIT KEYBOARD; FINGERPRINT; FREE MOUSE BLUETOOTH,,tidak dijual,
P193,ASUS E1404GA-FHD3823M COOL SILVER ,,LAPTOP ASUS,img\produk\E1404GA-FHD3823M COOL SILVER.jfif,CPU :CORE I3-N305; RAM: 8GB; SSD: 256GB; OS: W11+OHS; DISPLAY: 14 INCI FHD; NOTE:  BACKLIT KEYBOARD; FINGERPRINT; FREE MOUSE BLUETOOTH,,tidak dijual,
P194,ASUS A1404VA-VIPS3851M QUIET BLUE,8999000,LAPTOP ASUS,img\produk\ASUS A1404VA-VIPS3851M QUIET BLUE.webp,CPU: CORE I3-1315U; RAM: 8GB; SSD: 512GB; DISPLAY:  14 INCI; OS:  W11+OHS+M365,,tidak dijual,
P195,ASUS A1404VA-VIPS3853M TRANSPARANT SILVER,8999000,LAPTOP ASUS,img\produk\ASUS A1404VA-VIPS3853M TRANSPARANT SILVER.webp,CPU: CORE I3-1315U; RAM: 8GB; SSD: 512GB; DISPLAY:  14 INCI; OS:  W11+OHS+M365,,tidak dijual,
P196,ASUS Vivobook Go 14 E1404FA-VIPS5851M MIXED BLACK,10899000,LAPTOP ASUS,img\produk\E1404FA-FHD3821M BLACK.png,CPU: RYZEN 5-7520U; RAM: 8GB; SSD: 512GB; OS: WIN 11+ OHS + incl Microsoft 365; DISPLAY: 14 INCI FHD IPS,10799000,,
P197,ASUS Vivobook Go 14 E1404FA-VIPS5852M GREEN GREY,10899000,LAPTOP ASUS,img\produk\E1404FA-FHD3821M BLACK.png,CPU: RYZEN 5-7520U; RAM: 8GB; SSD: 512GB; OS: WIN 11+ OHS + incl Microsoft 365; DISPLAY: 14 INCI FHD IPS,10799000,,
P198,ASUS Vivobook Go 14 E1404FA-VIPS5853M COOL SILVER,10899000,LAPTOP ASUS,img\produk\E1404FA-FHD3821M BLACK.png,CPU: RYZEN 5-7520U; RAM: 8GB; SSD: 512GB; OS: WIN 11+ OHS + incl Microsoft 365; DISPLAY: 14 INCI FHD IPS,10799000,,
P199,ASUS VIVOBOOK GO 14 E1404FA-VIPS5151M MIXED BLACK,14999000,LAPTOP ASUS,img\produk\E1404FA-FHD3821M BLACK.png,CPU: RYZEN 5-7520U; RAM: 16GB; SSD: 512GB; OS: W11+OHS + OFFICE 365 1 TAHUN; DISPLAY:  14 INCI FHD IPS ,11999000,,
P200,ASUS VIVOBOOK GO 14 E1404FA-VIPS5152M GREEN GREY,14999000,LAPTOP ASUS,img\produk\E1404FA-FHD3821M BLACK.png,CPU: RYZEN 5-7520U; RAM: 16GB; SSD: 512GB; OS: W11+OHS + OFFICE 365 1 TAHUN; DISPLAY:  14 INCI FHD IPS ,11999000,,
P201,ASUS VIVOBOOK GO 14 E1404FA-VIPS5153M COOL SILVER,14999000,LAPTOP ASUS,img\produk\E1404FA-FHD3821M BLACK.png,CPU: RYZEN 5-7520U; RAM: 16GB; SSD: 512GB; OS: W11+OHS + OFFICE 365 1 TAHUN; DISPLAY:  14 INCI FHD IPS ,11999000,,
P202,ASUS E1504FA-VIPS5151M MIXED BLACK,8999000,LAPTOP ASUS,img\produk\E1504FA-VIPS5151M MIXED BLACK 3 WARNA.png,"CPU: RYZEN 5 7520U;  RAM: 16GB; SSD: 512GB; OS: W11+OHS + M365; DISPLAY: 15.6"" VIPS",,tidak dijual,
P203,ASUS E1504FA-VIPS5152M GREEN GREY,8999000,LAPTOP ASUS,img\produk\E1504FA-VIPS5151M MIXED BLACK 3 WARNA.png,"CPU: RYZEN 5 7520U;  RAM: 16GB; SSD: 512GB; OS: W11+OHS + M365; DISPLAY: 15.6"" VIPS",,tidak dijual,
P204,ASUS E1504FA-VIPS5153M COOL SILVER,8999000,LAPTOP ASUS,img\produk\E1504FA-VIPS5151M MIXED BLACK 3 WARNA.png,"CPU: RYZEN 5 7520U;  RAM: 16GB; SSD: 512GB; OS: W11+OHS + M365; DISPLAY: 15.6"" VIPS",,tidak dijual,
P205,ASUS M1407KA-VIPS5151M QUIET BLUE,11299000,LAPTOP ASUS,img\produk\M1407KA-VIPS5151M QUIET BLUE.jpg,CPU: RYZEN AI 5-340; RAM: 16GB; SSD: 512GB; OS: WIN11 + OHM + M365 DISPLAY: 14 INCI WUXGA ,,tidak dijual,
P206,ASUS M1407KA-VIPS5152M PLATINUM GOLD,11299000,LAPTOP ASUS,img\produk\M1407KA-VIPS5151M PLATINUM GOLD.jpeg,CPU: RYZEN AI 5-340; RAM: 16GB; SSD: 512GB; OS: WIN11 + OHM + M365 DISPLAY: 14 INCI WUXGA ,,tidak dijual,
P207,ASUS M1407KA-VIPS5153M COOL SILVER,11299000,LAPTOP ASUS,img\produk\M1407KA-VIPS5151M QUIET SILVER.jpeg,CPU: RYZEN AI 5-340; RAM: 16GB; SSD: 512GB; OS: WIN11 + OHM + M365 DISPLAY: 14 INCI WUXGA ,,tidak dijual,
P208,ASUS M1405YA-VIPS7151M BLACK,15799000,LAPTOP ASUS,img\produk\M1405YA-VIPS7151M BLACK.jpg,CPU: RYZEN 7-7730U; RAM: 16GB; SSD: 512GB; OS: W11+ OHS + LED BACKLIT +  FINGERPRINT; DISPLAY: 14 INCI WUXGA VIPS,12799000,tidak dijual,
P209,ASUS M1405YA-VIPS7152M COOL SILVER,15799000,LAPTOP ASUS,img\produk\M1405YA-VIPS7152M COOL SILVER.jpg,CPU: RYZEN 7-7730U; RAM: 16GB; SSD: 512GB; OS: W11+ OHS + LED BACKLIT +  FINGERPRINT; DISPLAY: 14 INCI WUXGA VIPS,12799000,tidak dijual,
P210,ASUS VIVOBOOK S14 M3407HA-VIPS7111M MATTE GRAY,14299000,LAPTOP ASUS,img\produk\M3407HA-VIPS7111M MATTE GRAY.jpg,CPU: RYZEN 7 260; RAM: 16GB; SSD: 1TB; OS: WIN 11 OPI 2024 + FREE M365; DISPLAY: 14 INCI VIPS  2K ,,tidak dijual,
P211,ASUS VIVOBOOK S15 M3407HA-VIPS7112M COOL SILVER,14299000,LAPTOP ASUS,img\produk\M3407HA-VIPS7112M COOL SILVER.jpg,CPU: RYZEN 7 260; RAM: 16GB; SSD: 1TB; OS: WIN 11 OPI 2024 + FREE M365; DISPLAY: 14 INCI VIPS  2K ,,tidak dijual,
P212,ASUS M3407HA-OLED5111M MATTE GRAY,17299000,LAPTOP ASUS,img\produk\M3407HA-OLED5111M MATTE GRAY.png,CPU: RYZEN 5 220; RAM: 16GB; SSD: 1TB; OS: W11+OHS; DISPLAY: 14 INCI,,,
P213,ASUS M3407HA-OLED5112M COOL SILVER,17299000,LAPTOP ASUS,img\produk\M3407HA-OLED5112M COOL SILVER.png,CPU: RYZEN 5 220; RAM: 16GB; SSD: 1TB; OS: W11+OHS; DISPLAY: 14 INCI,,tidak dijual,
P214,ASUS TP3407AA-OLED7151TM MATTE GREY,26299000,LAPTOP ASUS,img\produk\TP3407AA-OLED7151TM MATTE GREY.jpg,CPU: CORE ULTRA 7 355; RAM: 16GB DDR5 Upgradable ; SSD: 512GB; DISPLAY: 14 INCI OLED FHD TOUCH SCREEN & FLIP; OS: WIN 11 Home + Office Home 2024 + O365 Basic (1year free trial); NOTE: backlight KEYBOARD,,,
P215,ASUS M3407KA-OLED7111M MATTE GRAY,17999000,LAPTOP ASUS,img\produk\M3407HA-VIPS7111M MATTE GRAY.jpg,CPU: RYZEN 7 350; RAM: 16GB; SSD: 1TB; OS:  W11 + OHS; DISPLAY:  14 INCI,,tidak dijual,
P216,ASUS M3407KA-OLED7112M COOL SILVER,17999000,LAPTOP ASUS,img\produk\M3407HA-VIPS7112M COOL SILVER.jpg,CPU: RYZEN 7 350; RAM: 16GB; SSD: 1TB; OS:  W11 + OHS; DISPLAY:  14 INCI,,tidak dijual,
P217,ASUS P1403CVA-S65152WS MIST GREY,13999000,LAPTOP ASUS,img\produk\ASUS P1403CVA-S65152WS MIST GREY.webp,CPU: INTEL 5 210H; RAM: 16GB DDR5; SSD: 512GB; OS:  W11 + OHS+M365; DISPLAY:  14 INCI; NOTE: FREE MCAFFE 1 TAHUN,,,
P218,ASUS EXPERTBOOK P1403CVA-S63850WS MISTY GREY,10099000,LAPTOP ASUS,img\produk\P1403CVA-S63850WS MISTY GREY.jpg,CPU: CORE I3-1315U; RAM: 8GB; SSD: 512GB; OS: WIN11 + OHS; DISPLAY: 14 INCI FHD VIPS,,,
P219,ASUS EXPERTBOOK P1403CVA-S63852WS MISTY GREY ,10099000,LAPTOP ASUS,img\produk\P1403CVA-S63852WS MISTY GREY.jpg,CPU: CORE 3 100U; RAM: 8GB; SSD: 512 ; OS:  W11+OHS; DISPLAY: 14 INCI; NOTE: FREE MCAFEE 1THN ,,,
P220,ASUS EXPERTBOOK P1403CVA-S65852WS MISTY GREY,15499000,LAPTOP ASUS,img\produk\P1403CVA-S63852WS MISTY GREY.jpg,CPU: CORE 5 210H; RAM: 8GB; SSD: 512 ; OS:  W11+OHS; DISPLAY: 14 INCI; NOTE: FREE MCAFEE 1THN ,,,
P221,ASUS EXPERTBOOK P1403CVA-S65150WS MIST GREYV,10399000,LAPTOP ASUS,img\produk\P1403CVA-S63850WS MISTY GREY.jpg,CPU: CORE I5-13420H; RAM: 16GB; SSD: 512GB; OS: W11+OHS + FINGERPRINT; DISPLAY: 14 INCI FHD,,tidak dijual,
P222,ASUS EXPERTBOOK PM1403CDA-S65151WS MISTY GREY,11499000,LAPTOP ASUS,img\produk\P1403CVA-S63852WS MISTY GREY.jpg,CPU: RYZEN 5 150 ; RAM: 16GB; SSD: 512 ; OS:  W11+OHS; DISPLAY: 14 INCI; NOTE: FREE MCAFEE 1THN ,,tidak dijual,
P223,ASUS EXPERTBOOK P1403CVA-S67151WS  MISTY GREY ,12299000,LAPTOP ASUS,img\produk\P1403CVA-S63850WS MISTY GREY.jpg,CPU: CORE I7-13620H; RAM: DDR5 16GB; SSD: 512GB; OS: Win11 Home+OHS+M365; DISPLAY: 14 INCI VIPS  FHD,,tidak dijual,
P224,ASUS EXPERTBOOK P3405CVA-LY5150WS MISTY GREY,12199000,LAPTOP ASUS,img\produk\P1403CVA-S63850WS MISTY GREY.jpg,CPU: CORE I5-13420H; RAM: 16GB; SSDD: 512GB; OS: WIN11 + OHS; DISPLAY: 14 INCI FHD VIPS,,tidak dijual,
P225,ASUS EXPERTBOOK P3405CVA-LY7110WS MISTY GREY,14399000,LAPTOP ASUS,img\produk\P1403CVA-S63850WS MISTY GREY.jpg,CPU: CORE I7-13620H; RAM: 16GB; SSD: 1TB; OS: WIN 11+OSH; DISPLAY: 14 INCI,,tidak dijual,
P226,ASUS EXPERTBOOK PM1403CDA-S65851WS SILVER,12299000,LAPTOP ASUS,img\produk\P1403CVA-S63850WS MISTY GREY.jpg,CPU: RYZEN 5-150; RAM: 8GB; SSD: 512GB; OS: W11+OHS+M365; DISPLAY: 14 INCI FHD IPS,,,
P227,ASUS EXPERTBOOK PM1403CDA-S67151WS MISTY GREY,13699000,LAPTOP ASUS,img\produk\P1403CVA-S63850WS MISTY GREY.jpg,CPU: RYZEN 7 170;  RAM: 16GB; SSD: 512GB; OS: W11+OHS; NOTE: FREE MCAFEE 1THN,13599000,,
P228,ASUS EXPERTBOOK PM1403CDA-S65150W GREY,11399000,LAPTOP ASUS,img\produk\P1403CVA-S63850WS MISTY GREY.jpg,CPU: RYZEN 5 7535HS; RAM: 16GB; SSD: 512GB; OS: W11+OHS+M365; DISPLAY: 14 INCI FHD IPS ( FREE MCAFEE 1THN ),,tidak dijual,
P229,ASUS EXPERTBOOK PM1403CDA - S67151WS MISTY GREY,13899000,LAPTOP ASUS,img\produk\P1403CVA-S63850WS MISTY GREY.jpg,CPU: RYZEN 7 7735HS; RAM: 16GB; SSD: 512GB; OS: W11+OHS+M365; DISPLAY: 14 INCI FHD VIPS ( FREE MCAFEE 1THN ),,tidak dijual,
P230,ASUS BG1409CVA-S67110W GREY,16699000,LAPTOP ASUS,img\produk\ASUS BG1409CVA-S67110W GREY.jpg,CPU: CORE I7-1355U; RAM: 16GB DDR5; SSD: 1TB; DISPLAY: 14 INCI FHD; OS: W11 Home+M365; NOTE : Fingerprint & Backlit KB,,tidak dijual,
P231,ASUS ZENBOOK ASUS ZENBOOK UM3406KA-OLED7151M JADE BLACK,18299000,LAPTOP ASUS,img\produk\ASUS ZENBOOK UM3406KA-OLED7151M JADE BLACK.png,CPU: RYZEN AI 7 350; RAM: 16GB; SSD: 512GB; OS: W11+OHS; DISPLAY: 14 INCI WUXGA,,tidak dijual,
P232,SUS ZENBOOK 14 UM3406KA-OLEDS7311M JADE BLACK,21999000,LAPTOP ASUS,img\produk\ASUS ZENBOOK UM3406KA-OLED7151M JADE BLACK.png,CPU: RYZEN AI 7 350; RAM: 32GB; SSD: 1TB; OS: W11+OHM + M365 + BAKCLIT KEYBOARD; DISPLAY: 14 INCI  3K OLED120HZ,,tidak dijual,
P233,ASUS ZENBOOK UX3405CA-OLEDS9311TM PONDER BLUE,22999000,LAPTOP ASUS,img\produk\UX3405CA-OLEDS9311TM PONDER BLUE.png,CPU: ULTRA 9 285H; RAM: 32GB; SSD: 1TB; OS: W11+OHS; DISPLAY: 14 INCI 3K TOUHSCREEN,,tidak dijual,
P234,ASUS ZENBOOK UX3405CA-OLEDS9312TM FOGGY SILVER,23999000,LAPTOP ASUS,img\produk\UX3405CA-OLEDS9312TM FOGGY SILVER.png,CPU: ULTRA 9 285H; RAM 32GB; SSD: 1TB; OS: W11+OHS; DISPLAY: 14 INCI 3K TOUHSCREEN,,tidak dijual,
P235,ASUS ZENBOOK UX3405CA-OLED7313TM PONDER BLUE,23999000,LAPTOP ASUS,img\produk\UX3405CA-OLED7313TM PONDER BLUE.png,CPU: ULTRA 7 255H; RAM: 32GB; SSD: 1TB;  OS: W11+OHS; DISPLAY:  14 INCI  TOUCH,,tidak dijual,
P236,ASUS V3607VJ-I535B1T-HM MATTE BLACK (V16),16499000,LAPTOP ASUS,img\produk\ASUS V3607VJ-I535B1T-HM MATTE BLACK (V16).jpg,CPU: CORE 5-210H; RAM: 8GB; SSD: 512 GB; VGA:  RTX3050 6GB; DISPLYA: 16 INCI WUXGA 144HZ; OS: WIN11 + OHM + M365,,tidak dijual,
P237,ASUS V3607VH-I5N55B6T-HM MATTE BLACK (V16),23999000,LAPTOP ASUS,img\produk\ASUS V3607VJ-I535B1T-HM MATTE BLACK (V16).jpg,CPU: CORE 5 210H; RAM: 16GB; SSD: 512GB; VGA: RTX 5050 8GB; OS: W11+OHS + M365; DISPLAY: 16 INCI WUXGA ,21999000,tidak dijual,
P238,ASUS FX608JHR-I7N55J6G-HM JAEGAR GREY (F16),26999000,LAPTOP ASUS,img\produk\ASUS FX608JHR-I7N55J6G-HM JAEGAR GREY (F16).jpg,CPU: CORE I7-14650HX; RAM: 16GB; SSD: 512GB; VGA: RTX5050 8GB; DISPLAY: 16 INCI 165HZ; OS: W11+OHS24+M365; NOTE: FREE MOUSE ,25999000,tidak dijual,
P239,ASUS FX608JPR-I757G9G-HM JAEGAR GRAY (F16),30999000,LAPTOP ASUS,img\produk\ASUS FX608JHR-I7N55J6G-HM JAEGAR GREY (F16).jpg,CPU: CORE I7 14650HX; RAM: 32GB; SSD: 1TB; VGA: RTX5070 8GB; OS:  W11+OHS + M365; DISPLAY: 16 INCI WQXGA; NOTE: FREE MOUSE,,tidak dijual,
P240,ASUS V3607VH-I7N55B6T-HM MATTE BLACK (V16),25499000,LAPTOP ASUS,img\produk\ASUS V3607VH-I7N55B6T-HM MATTE BLACK (V16).jpg,CPU: CORE 7 240H; RAM: 16GB; SSD: 512GB; VGA: RTX5050 6GB; DISPLAY: 16 INCI 144HZ; OS: W11+OHS24+M365,,tidak dijual,
P241,ASUS V3607VU-I745B7T-HM BLACK (V16),21999000,LAPTOP ASUS,img\produk\ASUS V3607VH-I7N55B6T-HM MATTE BLACK (V16).jpg,CPU: Core 7 240H; RAM: 16GB; SSD:  512GB; VGA:  RTX4050 6GB; OS: WIN11 + OHS + M365; DISPLAY:  16 WUXGA,,tidak dijual,
P242,ASUS FA506NCG-R735B1T-HM GRAPHITE BLACK (A15),14999000,LAPTOP ASUS,img\produk\ASUS FA506NCG-R735B1T-HM GRAPHITE BLACK (A15).jpg,CPU: RYZEN 7-7445HS; RAM: 8GB; SSD: 512GB; VGA: RTX 3050 4GB; OS: W11+OHS 2024 + M365; DISPLAY: 15.6 INCI FHD 144HZ,,tidak dijual,
P243,ASUS FA506NCG-R735B6T-HM GRAPHITE BLACK (A15),15999000,LAPTOP ASUS,img\produk\ASUS FA506NCG-R735B1T-HM GRAPHITE BLACK (A15).jpg,CPU: RYZEN 7-7445HS; RAM: 16GB; SSD: 512GB; VGA: RTX 3050 4GB; OS: W11+OHS 2024 + M365; DISPLAY: 15.6 INCI FHD 144HZ,,tidak dijual,
P244,ASUS FA506NCQ-R735B6T-HM BLACK (A15),16999000,LAPTOP ASUS,img\produk\ASUS FA506NCG-R735B1T-HM GRAPHITE BLACK (A15).jpg,CPU: RYZEN 7 170; RAM: 16GB; SSD: 512GB; VGA: RTX3050 4GB; OS:  W11+OHS+M365; DISPLAY: 15.6 INCI FHD,,tidak dijual,
P245,ASUS FA608PP-R9N57G6G-HM GREY (A16),32499000,LAPTOP ASUS,img\produk\ASUS FA608PP-R9N57G6G-HM GREY (A16).webp,CPU: RYZEN 9 8940HX; RAM: 16GB; SSD: 1TB; VGA: RTX5070 8GB; OS: W11+ OHS + M365; DISPLAY:  16 INCI WQXGA,,tidak dijual,
P246,ASUS E1404TA-VIPS1821M BLACK,8099000,LAPTOP ASUS,img\produk\ASUS E1404TA-VIPS1821M BLACK.jfif,CPU: CELERON N150; RAM: 8GB; SSD: 256GB;DISPLAY: 14 INCI FHD IPS; OS:  WIN11 + OHS + M365,,,
P247,ASUS E1404TA-VIPS1822M SILVER ,8099000,LAPTOP ASUS,img\produk\ASUS E1404TA-VIPS1822M SILVER.webp,CPU: CELERON N150; RAM: 8GB; SSD: 256GB;DISPLAY: 14 INCI FHD IPS; OS:  WIN11 + OHS + M365,,,
P248,ASUS VIVOBOOK GO 14 E410KA-FHD4851M STAR BLACK,8799000,LAPTOP ASUS,img\produk\ASUS VIVOBOOK GO 14 E410KA-FHD4851M STAR BLACK.jfif,CPU: CELERON N4500; RAM: 8GB; SSD: 512GB; OS:  W11+OHS; ; DISPLAY: 14 INCI FHD +M365; NOTE: BACKLIT KEYBOARD,,,
P249,ASUS VIVOBOOK GO 14 E410KA-FHD4853M PEACOCK BLUE,8799000,LAPTOP ASUS,img\produk\ASUS VIVOBOOK GO 14  E410KA-FHD4851M STAR BLACK BLUE  PNIK.png,CPU: CELERON N4500; RAM: 8GB; SSD: 512GB; OS:  W11+OHS; ; DISPLAY: 14 INCI FHD +M365; NOTE: BACKLIT KEYBOARD,,,
P250,ASUS E1404GA-FHD3821M MIXED BLACK ,9199000,LAPTOP ASUS,img\produk\ASUS E1404GA-FHD3821M MIXED BLACK.jfif,CPU: CORE I3-N305; RAM: 8GB; SSD: 256GB; OS: W11+OHS; DISPLAY: 14 INCI FHD; NOTE: BACKLIT KEYBOARD+ FINGERPRINT,,,
P251,ASUS E1404GA-FHD3822M GREEN GREY,9199000,LAPTOP ASUS,img\produk\ASUS E1404GA-FHD3821M MIXED BLACK.jfif,CPU: CORE I3-N305; RAM: 8GB; SSD: 256GB; OS: W11+OHS; DISPLAY: 14 INCI FHD; NOTE: BACKLIT KEYBOARD+ FINGERPRINT,,,
P252,ASUS E1404GA-FHD3823M COOL SILVER ,9199000,LAPTOP ASUS,img\produk\ASUS E1404GA-FHD3821M MIXED BLACK.jfif,CPU: CORE I3-N305; RAM: 8GB; SSD: 256GB; OS: W11+OHS; DISPLAY: 14 INCI FHD; NOTE: BACKLIT KEYBOARD+ FINGERPRINT,,,
P253,ASUS A1405VA-VIPS5151M INDIE BLACK,15399000,LAPTOP ASUS,img\produk\ASUS A1405VA-VIPS5151M INDIE BLACK.jfif,CPU: CORE I5 -13420H; RAM: 8GB + 8GB; SSD: 512GB; OS: W11+OHS; DISPLAY: 14 INCI VIPS ,,,
P254,ASUS E1404FA-VIPS3823 COOL SILVER,9999000,LAPTOP ASUS,img\produk\ASUS E1404FA-VIPS3823 COOL SILVER.jfif,CPU: RYZEN 3-7320U; RAM: 8GB; SSD: 256GB; OS: W11+OHS+M365; DISPLAY: 14 INCI FHD IPS; NOTE:  BACKLIT KEYBOARD,9399000,,
P255,ASUS UM3406GA-OLED7111M JADE BLACK,21999000,LAPTOP ASUS,img\produk\ASUS UM3406GA-OLED7111M JADE BLACK.png,CPU: RYZEN AI 7 445; RAM: 16GB; SSD: 1TB; DISPLAY: 14 INCI OLED; OS : WIN 11+OPI 2024 + FREE M365; NOTE: Non-upgrade,21399000,,
P256,ASUS A1404VA-VIPS3854M QUIET BLUE,10199000,LAPTOP ASUS,img\produk\A1404VA-VIPS3821M QUIET 3 WARNA.png,CPU: CORE I3-1315U; RAM: 8GB; SSD: 512GB; OS: W11+OHS+M365; DISPLAY: 14 INCI,,,
P257,ASUS A1404VA-VIPS3855M TERRA COTTA,10199000,LAPTOP ASUS,img\produk\A1404VA-VIPS3821M QUIET 3 WARNA.png,CPU: CORE I3-1315U; RAM: 8GB; SSD: 512GB; OS: W11+OHS+M365; DISPLAY: 14 INCI,,,
P258,ASUS A1404VA-VIPS3856M TRANSPARENT SILVER,10199000,LAPTOP ASUS,img\produk\A1404VA-VIPS3821M QUIET 3 WARNA.png,CPU: CORE I3-1315U; RAM: 8GB; SSD: 512GB; OS: W11+OHS+M365; DISPLAY: 14 INCI,,,
P259,ASUS A1504VAP-VIPS5152TM TERRA COTTA,16699000,LAPTOP ASUS,img\produk\A1404VA-VIPS3821M QUIET 3 WARNA.png,CPU: CORE 5 120U; RAM: 16GB; SSD: 512GB; OS: W11+OHS; DISPLAY: 15.6 INCI TOUCH FHD VIPS,,,
P260,ASUS A1404VA-VIPS3851 BLUE,9799000,LAPTOP ASUS,img\produk\ASUS A1404VA-VIPS3851.jfif,CPU: INTEL I3-1315U; RAM: 8GB; SSD: 512GB; OS: WIN11+OH24; DISPLAY: 14 INCI,,,
P261,ASUS A1404FA-VIPS3851 BLACK,9349000,LAPTOP ASUS,img\produk\ASUS A1404VA-VIPS3852.jfif,CPU: RYZEN R3-7320; RAM: 8GB; SSD: 512GB; OS: WIN11+OH24; DISPLAY: 14 INCI ,,,
P262,ASUS A1404FA-VIPS3853 SILVER,9349000,LAPTOP ASUS,img\produk\ASUS A1404FA-VIPS3853.jfif,CPU: R3-7320; RAM:8GB; SSD:512GB; OS:WIN11+OH24; DISPLAY: 14 INCI,,,
P263,ASUS A1404VAP-VIPS5851 SILVER,11249000,LAPTOP ASUS,img\produk\ASUS A1404VAP-VIPS5851.jfif,CPU: INTEL I5-120U; RAM: 8GB; SSD:512GB; OS: WIN11+OH24; DISPLAY: 14 INCI,,,
P264,ASUS TUF GAMING A15FA506NCQ-R73586T-HM ,16459000,LAPTOP ASUS,img\produk\ASUS TUF GAMING A15FA506NCQ-R73586T-HM.jfif,CPU: RYZEN  R7-170 ; RAM: 16GB; SSD: 512GB; VGA: 3050 4GB; OS: WIN11+OH24+M365; NOTE: TAS,,,
P265,AXIOO HYPE 10 MIDNIGHT BLACK,5249000,LAPTOP AXIOO,img\produk\AXIOO HYPE 1 GREY.png,CPU: CELERON N4020; RAM: 8GB; SSD: 256GB; DISPLAY: 14 INCI; OS: WIN11 ,5149000,tidak dijual,
P266,AXIOO HYPE 10 TITANIUM BROWN,5249000,LAPTOP AXIOO,img\produk\AXIOO HYPE 1 GREY.png,CPU: CELERON N4020; RAM: 8GB; SSD: 256GB; DISPLAY: 14 INCI; OS: WIN11 ,5149000,tidak dijual,
P267,AXIOO HYPE 1 GREY VERSI RAM 4GB,4149000,LAPTOP AXIOO,img\produk\AXIOO HYPE 1.png,CPU: CELERON N4020; RAM: 4GB; SSD: 128GB; DISPLAY : 14 INCI; OS: W11,,,
P268,AXIOO HYPE 1 GREY VERSI RAM 8GB,4749000,LAPTOP AXIOO,img\produk\AXIOO HYPE 1.png,CPU: CELERON N4020; RAM: 8GB; SSD: 128GB; DISPLAY : 14 INCI; OS: W11,,,
P269,AXIOO HYPE P GREY ,5349000,LAPTOP AXIOO,img\produk\AXIOO HYPE P GREY.png,CPU: INTEL PENTIUM GOLD 6405U; RAM: 8GB; SSD: 128GB; DISPLAY: 14 INCI FHD IPS; OS: W11,,,
P270,AXIOO HYPE 3 G11 BLUE,6949000,LAPTOP AXIOO,img\produk\AXIOO HYPE 3 G11 BLUE.png,CPU: CORE I3-1125G4; RAM: 8GB; SSD: 256GB; OS: W11; DISPLAY: 14 INCI FHD,,tidak dijual,
P271,AXIOO HYPE 3 G11 BLUE,8499000,LAPTOP AXIOO,img\produk\AXIOO HYPE 3 G11 BLUE.png,CPU: CORE I3-1125G4; RAM: 8GB; SSD: 512GB; OS: W11; DISPLAY: 14 INCI FHD,8399000,,
P272,AXIOO HYPE R3 OLED GREY,10449000,LAPTOP AXIOO,img\produk\AXIOO HYPE R5 OLED GREY.png,CPU: CORE I3-1215U; RAM: 24GB; SSD: 512GB; OS: W11; DISPLAY: 14 INCI FHD OLED,,,
P273,AXIOO HYPE R5 OLED GREY,11649000,LAPTOP AXIOO,img\produk\AXIOO HYPE R5 OLED GREY.png,CPU: CORE I5-1235U; RAM: 24GB; SSD: 256GB; OS: W11; DISPLAY: 14 INCI FHD OLED,,,
P274,AXIOO HYPE 5 X3 GREY,6549000,LAPTOP AXIOO,img\produk\AXIOO HYPE 5 X3 GREY.png,CPU: RYZEN 5-3500; RAM: 8GB; SSD: 256GB; OS: W11; DISPLAY: 14 INCI,,,
P275,AXIOO HYPE 5 X3 BLUE (JKT48 LOLLIPOP EDITION),6949000,LAPTOP AXIOO,img\produk\AXIOO HYPE 5 X52 PINK BLUE JKT48 LOLLIPOP EDITION BLUE.png,CPU: RYZEN 5-3500; RAM: 8GB; SSD: 256GB; OS: W11; DISPLAY: 14 INCI,,,
P276,AXIOO HYPE 5 X3 PINK  (JKT48 LOLLIPOP EDITION),6949000,LAPTOP AXIOO,img\produk\AXIOO HYPE 5 X5-2 PINK JKT48 LOLLIPOP EDITION.png,CPU: RYZEN 5-3500; RAM: 8GB; SSD: 256GB; OS: W11; DISPLAY: 14 INCI,,,
P277,AXIOO HYPE 5 X5-2 BLUE JKT48 LOLLIPOP EDITION,7299000,LAPTOP AXIOO,img\produk\AXIOO HYPE 5 X52 PINK BLUE JKT48 LOLLIPOP EDITION BLUE.png,CPU: RYZEN 5-7430U; RAM: 8GB; SSD: 256GB; OS: W11; DISPLAY: 14 INCI FHD IPS,,,
P278,AXIOO HYPE 5 X5-2 PINK JKT48 LOLLIPOP EDITION,7299000,LAPTOP AXIOO,img\produk\AXIOO HYPE 5 X5-2 PINK JKT48 LOLLIPOP EDITION.png,CPU: RYZEN 5-7430U; RAM: 8GB; SSD: 256GB; OS: W11; DISPLAY: 14 INCI FHD IPS,,,
P279,AXIOO HYPE 5 X5-2 ROYAL PURPLE JKT48 LOLLIPOP EDITION,7299000,LAPTOP AXIOO,img\produk\AXIOO HYPE 5 X5-2 BLUE.png,CPU: RYZEN 5-7430U; RAM: 8GB; SSD: 256GB; OS: W11; DISPLAY: 14 INCI FHD IPS,,,
P280,AXIOO HYPE 5 X5-2 GREY,7299000,LAPTOP AXIOO,img\produk\AXIOO HYPE 5 X5-2 BLUE.png,CPU: RYZEN 5-7430; RAM: 8GB; SSD: 256GB; OS: W11; DISPLAY: 14 INCI,,,
P281,AXIOO HYPE 5 X6 GRAY VERSI 256GB,8899000,LAPTOP AXIOO,img\produk\AXIOO HYPE 5 X6 GRAY.png,CPU: RYZEN 5-6600H; RAM: 16GB; SSD: 256GB; DISPLAY: 14 INCI FHD IPS; OS: WIN11,,,
P282,AXIOO HYPE 5 X6 GRAY VERSI 512GB,9749000,LAPTOP AXIOO,img\produk\AXIOO HYPE 5 X6 GRAY.png,CPU: RYZEN 5-6600H; RAM: 16GB; SSD: 512GB; DISPLAY: 14 INCI FHD IPS; OS: WIN11,,,
P283,AXIOO HYPE 7 X7-2 GREY,8049000,LAPTOP AXIOO,img\produk\AXIOO HYPE 7 X7-2 GREY.png,CPU: RYZEN 7-5825; RAM: 8GB; SSD: 512GB; OS: W11; DISPLAY: 14 INCI FHD IPS,,tidak dijual,
P284,AXIOO HYPE 7 X8-1 GREY,10049000,LAPTOP AXIOO,img\produk\AXIOO HYPE 7 X8-2 GREY.png,CPU: RYZEN 7-6800H; RAM: 16GB; SSD: 512GB; DISPLAY: 14 INCI FHD; OS: W11,,,
P285,AXIOO HYPE 7 X8-2 GREY,11049000,LAPTOP AXIOO,img\produk\AXIOO HYPE 7 X8-2 GREY.png,CPU: RYZEN 7-7735HS; RAM: 16GB; SSD: 512GB; OS: WIN11; DISPLAY: 14 INCI FHD,,,
P286,AXIOO HYPE-R X8 OLED GREY,12099000,LAPTOP AXIOO,img\produk\AXIOO HYPE-R X8 OLED GREY.png,CPU: RYZEN 7-685; RAM: 16GB; SSD: 512GB; OS: W11; DISPLAY: 14.0 FHD IPS BLIT HDMI,,,
P287,AXIOO PONGO 725 V2 GREY,14499000,LAPTOP AXIOO,img\produk\AXIOO PONGO 725 V2 GREY.png,CPU: CORE I7-13620H; RAM: 16GB;  SSD: 512GB; GRAPHIC: RTX2050 4GB; OS: WIN11; DISPLAY: 15.6 INCI FHD 144Hz,14299000,,
P288,AXIOO PONGO 735 GREY,15999000,LAPTOP AXIOO,img\produk\AXIOO PONGO 735 GREY.png,CPU: CORE I7-13620H; RAM: 16GB;  SSD: 512GB; GRAPHIC: RTX3050 6GB; OS: W11; DISPLAY:  15.6' INCI FHD 144Hz IPS ,,,
P289,AXIOO HYPE 5 X5-2 GREY,7999000,LAPTOP AXIOO,img\produk\AXIOO HYPE 5 X5-2 BLUE.png,CPU: RYZEN 5-7430; RAM: 16GB; SSD: 256GB; OS: W11; DISPLAY: 14 INCI,,,
P290,AXIOO HYYPE X1 BLACK/BROWN,5699000,LAPTOP AXIOO,img\produk\AXIOO HYYPE X1 BLACK BROWN.jfif,CPU: AMD ATHLON GOLD 3150C; RAM: 8GB; SSD: 256GB; DISPLAY: 14 INCI; OS:  W11,,,
P291,AXIOO HYPE 3 G12 GREY/BLUE,7499000,LAPTOP AXIOO,img\produk\AXIOO HYPE 3 G12 GREY BLUE.jfif,CPU: CORE I3-1215U; RAM: 8GB; SSD: 256GB; OS: W11; DISPLAY: 14 INCI FHD,7399000,,
P292,AXIOO HYPE 5 G12 BLACK,8399000,LAPTOP AXIOO,img\produk\AXIOO HYPE 5 G12 BLACK.jfif,CPU: CORE I5-1235U; RAM: 8GB; SSD: 256GB; OS: W11; DISPLAY: 14 INCI FHD,8299000,,
P293,LENOVO SLIM 3 14IRU8 82X6005LID ABBYS BLUE,6499000,LAPTOP LENOVO,img\produk\LENOVO SLIM 3 14IRU8.png,CPU: COREI3-1315U; RAM: 8GB; SSD: 256GB; OS: WIN11; DISPLAY: 14 INCI,,tidak dijual,
P294,LENOVO SLIM 3 14IRU8 82X6005NID GREY,6499000,LAPTOP LENOVO,img\produk\LENOVO SLIM 3 14IRU8.png,CPU: COREI3-1315U; RAM: 8GB; SSD: 256GB; OS: WIN11; DISPLAY: 14 INCI,,tidak dijual,
P295,LENOVO SLIM 3 14IRU8 82X6006EID ABBYS BLUE,9199000,LAPTOP LENOVO,img\produk\LENOVO SLIM 3 14IRU8.png,CPU: CORE I3-1315U; RAM: 8GB; SSD: 512GB; OS: W11+0HS; DISPLAY: 14 INCI,,tidak dijual,
P296,LENOVO SLIM 3 14IRU8 82X6006FID ARTIC GREY,9199000,LAPTOP LENOVO,img\produk\LENOVO SLIM 3 14IRU8.png,CPU: CORE I3-1315U; RAM: 8GB; SSD: 512GB; OS: W11+0HS; DISPLAY: 14 INCI,,tidak dijual,
P297,LENOVO SLIM 3 14IRU8 82X6005PID  ARTIC GREY,6899000,LAPTOP LENOVO,img\produk\LENOVO SLIM 3 14IRU8.png,CPU: CORE I3-1315U; RAM: 8GB; SSD: 512GB; OS: W11+0HS; DISPLAY: 14 INCI,,tidak dijual,
P298,LENOVO SLIM 3 14IRU8 82X6005MID ABBYS BLUE,6899000,LAPTOP LENOVO,img\produk\LENOVO SLIM 3 14IRU8.png,CPU: CORE I3-1315U; RAM: 8GB; SSD: 512GB; OS: W11+0HS; DISPLAY: 14 INCI,,tidak dijual,
P299,LENOVO SLIM 3 14IRH10 83K000FNID COSMIC BLUE,13799000,LAPTOP LENOVO,img\produk\LENOVO SLIM 3 14IRU8.png,CPU: CORE i7 13620H; RAM: 16GB; SSD: 512GB; OS: W11+0HS+M365; DISPLAY: 14 INCI WUXGA,,tidak dijual,
P300,LENOVO SLIM 3 14IRH10 83K000FRID LUNA GREY,13799000,LAPTOP LENOVO,img\produk\LENOVO SLIM 3 14IRU8.png,CPU: CORE i7 13620H; RAM: 16GB; SSD: 512GB; OS: W11+0HS+M365; DISPLAY: 14 INCI WUXGA,,tidak dijual,
P301,LENOVO SLIM 3 14AMN8 82XN00C4ID ABBYS BLUE,9899000,LAPTOP LENOVO,img\produk\LENOVO SLIM 3 14AMN8 82XN00C4ID ABBYS BLUE.jfif,CPU: RYZEN 3 7320U; RAM: 8GB; SSD: 512 GB; DISPLAY : 14 INCI FHD TN; OS: W11+ M365+OH24,,tidak dijual,
P302,LENOVO SLIM 3 14AMN8 82XN00C5ID ARTIC GREY,9899000,LAPTOP LENOVO,img\produk\LENOVO SLIM 3 14AMN8 82XN00C5ID ARTIC GREY.jfif,CPU: RYZEN 3 7320U; RAM: 8GB; SSD: 512 GB; DISPLAY : 14 INCI FHD TN; OS: W11+ M365+OH24,,tidak dijual,
P303,LENOVO IDEAPAD SLIM 3 14IRH10 8EK0007DID BLUE,8849000,LAPTOP LENOVO,img\produk\LENOVO IDEAPAD SLIM 3 14IRH10 8EK0007DID BLUE.png,CPU: CORE I5-13420H; RAM: 8GB; SSD: 512GB; OS: W11+OHS+M365 + BACKLIT; DISPLAY: 14 INCI WUXGA; NOTE:  UPGRADABLE,,tidak dijual,
P304,LENOVO IDEAPAD SLIM 3 14IRH10 83K0007EID GREY,8849000,LAPTOP LENOVO,img\produk\LENOVO IDEAPAD SLIM 3 14IRH10 8EK0007DID BLUEQQ.png,CPU: CORE I5-13420H; RAM: 8GB; SSD: 512GB; OS: W11+OHS+M365 + BACKLIT; DISPLAY: 14 INCI WUXGA; NOTE: UPGRADABLE,,tidak dijual,
P305,LENOVO SLIM 3 14IRH10 83K000BWID LUNA GREY,10399000,LAPTOP LENOVO,img\produk\LENOVO SLIM 3 14IRH10 83K000BWID LUNA GREY.png,CPU: CORE I5-13420H; RAM: 8GB; SSD: 512GB; OS: W11+OHS+M365 + BACKLIT; DISPLAY: 14 INCI WUXGA; NOTE: UPGRADABLE,,tidak dijual,
P306,LENOVO SLIM 3 14IRH10 83K000BYID COSMIC BLUE,10399000,LAPTOP LENOVO,img\produk\LENOVO SLIM 3 14IRH10 83K000BWID LUNA GREY.png,CPU: CORE I5-13420H; RAM: 8GB; SSD: 512GB; OS: W11+OHS+M365 + BACKLIT; DISPLAY: 14 INCI WUXGA; NOTE: UPGRADABLE,,tidak dijual,
P307,LENOVO SLIM 3 14IRH10 83K000BXID COSMIC BLUE,11699000,LAPTOP LENOVO,img\produk\LENOVO SLIM 3 14IRH10 83K000BWID LUNA GREY.png,CPU: CORE I7 13620H;  RAM: 16GB; SSD: 512GB; OS: W11+OHS+M365M; DISPLAY: 14 INCI WUXGA,,tidak dijual,
P308,LENOVO SLIM 3 14IRH10 83K000C0ID LUNA GREY,11699000,LAPTOP LENOVO,img\produk\LENOVO SLIM 3 14IRH10 83K000BWID LUNA GREY.png,CPU: CORE I7 13620H;  RAM: 16GB; SSD: 512GB; OS: W11+OHS+M365M; DISPLAY: 14 INCI WUXGA,,tidak dijual,
P309,LENOVO SLIM 3 14AMN8 82XN009WID ARTIC GREY,6999000,LAPTOP LENOVO,img\produk\LENOVO SLIM 3 14AMN8 82XN009WID ARTIC GREY.avif,CPU: RYZEN 3 7320U;  RAM: 8GB; SSD: 512GB; OS: W11+OHS; DISPLAY: 14 INCI,,tidak dijual,
P310,LENOVO IDEAPAD SLIM 3 82XL007CID ABYSS BLUE,9499000,LAPTOP LENOVO,img\produk\LENOVO IDEAPAD SLIM 3 82XL007CID ABYSS BLUE.jpg,CPU: RYZEN 5-7530U; RAM: 8GB; SSD: 512GB; OS: W11+OHS + BACKLIT KEYBOARD'; DISPLAY: 14 INCI FHD,,tidak dijual,
P311,LENOVO IDEAPAD SLIM 3 82XL007BID GREY,9499000,LAPTOP LENOVO,img\produk\LENOVO IDEAPAD SLIM 3 82XL007CID ABYSS BLUE.jpg,CPU: RYZEN 5-7530U; RAM: 8GB; SSD: 512GB; OS: W11+OHS + BACKLIT KEYBOARD'; DISPLAY: 14 INCI FHD,,tidak dijual,
P312,LENOVO SLIM 3 14ARP10 83K6005LID LUNA GREY,9599000,LAPTOP LENOVO,img\produk\LENOVO SLIM 3 14ARP10 83K6005LID LUNA GREY.jpg,CPU: RYZEN 5 7535HS; RAM: 8GB; SSD: 512GB; OS: W11+OHS; DISPLAY: 14 INCI WUXGA,,tidak dijual,
P313,LENOVO SLIM 3 14ARP10 83K6005KID COSMIC BLUE,9599000,LAPTOP LENOVO,img\produk\LENOVO SLIM 3 14ARP10 83K6005LID LUNA GREY.jpg,CPU: RYZEN 5 7535HS; RAM: 8GB; SSD: 512GB; OS: W11+OHS; DISPLAY: 14 INCI WUXGA,,tidak dijual,
P314,LENOVO SLIM 3 14ABR8 82XL0090ID ARTIC GREY,9099000,LAPTOP LENOVO,img\produk\LENOVO SLIM 3 14ABR8  82XL0090ID ARTIC GREY.png,CPU: RYZEN 5 5625U; RAM: 16GB; SSD: 512GB; OS: WIN11 + OHM + M365; DISPLAY: 14 INCI  FHD IPS   ,,tidak dijual,
P315,LENOVO SLIM 3 14ABR8 82XL008YID ABBYS BLUE,9099000,LAPTOP LENOVO,img\produk\LENOVO SLIM 3 14ABR8  82XL0090ID ARTIC GREY.png,CPU: RYZEN 5 5625U; RAM: 16GB; SSD: 512GB; OS: WIN11 + OHM + M365; DISPLAY: 14 INCI  FHD IPS   ,,tidak dijual,
P316,LENOVO SLIM 3 14ARP10 83K6005NID COSMIC BLUE,10849000,LAPTOP LENOVO,img\produk\LENOVO SLIM 3 14ARP10 83K6005NID COSMIC BLUE.png,CPU: RYZEN 7 7735HS; RAM: 16GB; SSD: 512GB; OS: W11+OHS; DISPLAY: 14 INCI WUXGA,,tidak dijual,
P317,LENOVO SLIM 3 14ARP10 83K6005MID LUNA GREY,10849000,LAPTOP LENOVO,img\produk\LENOVO SLIM 3 14ARP10 83K6005NID COSMIC BLUE GRAY.png,CPU: RYZEN 7 7735HS; RAM: 16GB; SSD: 512GB; OS: W11+OHS; DISPLAY: 14 INCI WUXGA,,tidak dijual,
P318,LENOVO SLIM 5 83J2003VID CLOUD GREY,11999000,LAPTOP LENOVO,img\produk\LENOVO SLIM 5 83J2003VID CLOUD GREY.png,CPU: RYZEN 7 7735HS; RAM 16GB; SSD: 512GB; OS: W11+OHS+M365 BASIC; DISPLAY:  13.3 INCI WUXGA,,tidak dijual,
P319,LENOVO IDEAPAD SLIM 5 14IMH10 83V6001CID COSMIC BLUE,17899000,LAPTOP LENOVO,img\produk\LENOVO IDEAPAD SLIM 5 14IMH10 83V6001CID COSMIC BLUE.jfif,CPU: CORE U5 135H; RAM: 16GB; SSD: 512GB; OS: W11+OHS 2024+ M365; DISPLAY: 14 INCI WUXGA,,,
P320,LENOVO IDEAPAD SLIM 5 14IMH10 83V6001DID LUNA GREY,17899000,LAPTOP LENOVO,img\produk\LENOVO IDEAPAD SLIM 5 14IMH10 83V6001CID COSMIC BLUE.jfif,CPU: CORE U5 135H; RAM 16GB; SSD: 512GB; OS: W11+OHS 2024+ M365; DISPLAY: 14 INCI WUXGA,,,
P321,LENOVO IDEAPAD SLIM 5 14AGP11 83S1003CID COSMIC BLUE,19299000,LAPTOP LENOVO,img\produk\LENOVO IDEAPAD SLIM 5 14AGP11 83S1003CID COSMIC BLUE.avif,CPU: RYZEN 7 AI-445; RAM: 16GB; SSD: 512GB; OS: WIN11 + OHM2024 + M365; DISPLAY : 14 INCI WUXGA OLED,,,
P322,LENOVO IDEAPAD SLIM 5 14AGP11 83S1003DID LUNA GREY,19299000,LAPTOP LENOVO,img\produk\LENOVO IDEAPAD SLIM 5 14AGP11 83S1003CID COSMIC BLUE.avif,CPU: RYZEN 7 AI-445; RAM: 16GB; SSD: 512GB; OS: WIN11 + OHM2024 + M365; DISPLAY : 14 INCI WUXGA OLED,,,
P323,LENOVO IP5 2IN1 14IIPH11 83UG0024ID LUNA GREY,20239000,LAPTOP LENOVO,img\produk\83UG0024ID LUNA GREY.avif,CPU: INTEL Ultra 5 325; RAM: 16GB; SSD:  512GB; DISPLAY:  14 INCI WUXGA TOUCH; OS: W11+OHS+M365; NOTE: BONUS Stylus Pen,,,
P324,LENOVO IP5 2IN1 14IIPH11 83UG0025ID COSMIC BLUE,20239000,LAPTOP LENOVO,img\produk\83UG0024ID LUNA GREY.avif,CPU: INTEL Ultra 5 325; RAM: 16GB; SSD:  512GB; DISPLAY:  14 INCI WUXGA TOUCH; OS: W11+OHS+M365; NOTE: BONUS Stylus Pen,,,
P325,LENOVO IP5 2IN1 14IPH11 83UG001WID LUNA GREY,22099000,LAPTOP LENOVO,img\produk\83UG0024ID LUNA GREY.avif,CPU: INTEL Ultra 7 355; RAM: 16GB; SSD:  512GB; DISPLAY:  14 INCI WUXGA TOUCH; OS: W11+OHS+M365; NOTE: BONUS Stylus Pen,,,
P326,LENOVO IP5 2IN1 14IPH11 83UG001VID COSMIC BLUE,22099000,LAPTOP LENOVO,img\produk\83UG0024ID LUNA GREY.avif,CPU: INTEL Ultra 7 355; RAM: 16GB; SSD:  512GB; DISPLAY:  14 INCI WUXGA TOUCH; OS: W11+OHS+M365; NOTE: BONUS Stylus Pen,,,
P327,LENOVO IP5 2IN1 14AGP11 83UH004UID COSMIC BLUE,19299000,LAPTOP LENOVO,img\produk\LENOVO IP5 2IN1 14AGP11 83UH004UID COSMIC BLUE.webp,CPU: RYZEN AI 5 430; RAM: 16GB; SSD: 512GB; DISPLAY : 14 INCI WUXGA; OS: W11 + OHS+M365B; NOTE: BONUS STYLUS PEN,,,
P328,LENOVO IP5 2IN1 14AGP11 83UH004VID LUNA GREY,19299000,LAPTOP LENOVO,img\produk\LENOVO IP5 2IN1 14AGP11 83UH004UID COSMIC BLUE.webp,CPU: RYZEN AI 5 430; RAM: 16GB; SSD: 512GB; DISPLAY : 14 INCI WUXGA; OS: W11 + OHS+M365B; NOTE: BONUS STYLUS PEN,,,
P329,LENOVO IP5 2IN1 14AGP11 83UH004TID COSMIC BLUE,20099000,LAPTOP LENOVO,img\produk\83UG0024ID LUNA GREY.avif,CPU: RYZEN AI 7 445; RAM: 16GB; SSD: 512 GB; OS: W11+OHS+M365B; DISPLAY: 14 INCI WUXGA; NOTE: BONUS STYLUS PEN,,,
P330,LENOVO IP5 2IN1 14AGP11 83UH004WID LUNA GREY,20099000,LAPTOP LENOVO,img\produk\83UG0024ID LUNA GREY.avif,CPU: RYZEN AI 7 445; RAM: 16GB; SSD: 512 GB; OS: W11+OHS+M365B; DISPLAY: 14 INCI WUXGA; NOTE: BONUS STYLUS PEN,,,
P331,LENOVO IPS5 2IN1 14AHP11 83UJ001NID LUNA GREY,19599000,LAPTOP LENOVO,img\produk\LENOVO IPS5 2IN1 14AHP11 83UJ001NID LUNA GREY.avif,CPU:RYZEN 7 250; RAM: 16GB; SSD: 512GB; DISPLAY: 14 INCI WUXGA; OS: W11+OHS; NOTE : 2 IN 1 TOUCH  PEN  ,,,
P332,LENOVO IPS5 2IN1 14AHP11 83UJ001PID COSMIC BLUE,19599000,LAPTOP LENOVO,img\produk\LENOVO IPS5 2IN1 14AHP11 83UJ001PID COSMIC BLUE.avif,CPU:RYZEN 7 250; RAM: 16GB; SSD: 512GB; DISPLAY: 14 INCI WUXGA; OS: W11+OHS; NOTE : 2 IN 1 TOUCH  PEN  ,,,
P333,LENOVO IDEAPAD SLIM 5 83HV0031ID COSMIC BLUE,12299000,LAPTOP LENOVO,img\produk\LENOVO IDEAPAD SLIM 5 83HV0031ID COSMIC BLUE.avif,CPU: RYZEN 7 8845HS; RAM: 16GB; SSD: 512GB; OS: W11+OHS; DISPLAY: 14 INCI,,tidak dijual,
P334,LENOVO IDEAPAD SLIM 5 83HV0030ID LUNA GREY,12299000,LAPTOP LENOVO,img\produk\LENOVO IDEAPAD SLIM 5 83HV0031ID COSMIC BLUE.avif,CPU: RYZEN 7 8845HS; RAM: 16GB; SSD: 512GB; OS: W11+OHS; DISPLAY: 14 INCI,,tidak dijual,
P335,LENOVO SLIM 5 14AKP10 83HX00AYID LUNA GREY,12899000,LAPTOP LENOVO,img\produk\LENOVO SLIM 5 14AKP10 83HX00AYID LUNA GREY.png,CPU: RYZEN AI 7 350; RAM: 16GB; SSD: 512GB; OS: W11+OHS; DISPLAY: 14 INCI WUXGA,,tidak dijual,
P336,LENOVO SLIM 5 14AKP10 83HX00B1ID COSMIC BLUE,12899000,LAPTOP LENOVO,img\produk\LENOVO SLIM 5 14AKP10 83HX00AYID LUNA GREY.png,CPU: RYZEN AI 7 350; RAM: 16GB; SSD: 512GB; OS: W11+OHS; DISPLAY: 14 INCI WUXGA,,tidak dijual,
P337,LENOVO V14 G5 83GU007AID GREY,9399000,LAPTOP LENOVO,img\produk\LENOVO V14 G5 83GU007AID GREY.webp,CPU:CORE I3 1315U; RAM: 8GB; SSD: 256GB; OS: W11; DISPLAY: 14 INCI FHD,,,
P338,LENOVO V14 G4 82YT010XID GREY,9199000,LAPTOP LENOVO,img\produk\LENOVO V14 G4 82YT010UID GREY.avif,CPU: RYZEN 3 7320; RAM: 8GB; SSD: 256GB; OS: W11+OHS; DISPLAY: 14 INCI FHD IPS,,,
P339,LENOVO V14 G4 82YT010UID GREY,11199000,LAPTOP LENOVO,img\produk\LENOVO V14 G4 82YT010UID GREY.avif,CPU: RYZEN 5 7520; RAM: 16GB; SSD: 512GB; OS: W11+OHS; DISPLAY: 14 INCI FHD IPS,,,
P340,LENOVO V14 G3 82TS00K3ID GREY,12299000,LAPTOP LENOVO,img\produk\LENOVO V14 G3 82TS00K3ID GREY.webp,CPU: CORE I7 1255U; RAM: 16GB; SSD: 512GB; OS: W11+OHS; DISPLAY: 14 INCI FHD IPS,,,
P341,LENOVO V14 G4 82YX005BID GREY,9799000,LAPTOP LENOVO,img\produk\LENOVO V14 G4 82YX005BID GREY.avif,CPU: RYZEN 5 7430; RAM: 8GB; SSD: 512GB; OS: W11+OHS; DISPLAY: 14 INCI  FHD  IPS,,tidak dijual,
P342,LENOVO IDEAPAD 5 14IRU9 83KX006BID COSMIC BLUE,12699000,LAPTOP LENOVO,img\produk\LENOVO IDEAPAD 5 14IRU9 83KX006BID COSMIC BLUE.avif,CPU: CORE I5-13420H; RAM: 16GB; SSD: 512GB; OS: W11+OHS; DISPLAY: 14 INCI  WUXGA; NOTE: TOUCH 2 IN 1 PEN ,,tidak dijual,
P343,LENOVO IDEAPAD 5 14IRU9 83KX006DID LUNA GREY,12699000,LAPTOP LENOVO,img\produk\LENOVO IDEAPAD 5 14IRU9 83KX006BID COSMIC BLUE.avif,CPU: CORE I5-13420H; RAM: 16GB; SSD: 512GB; OS: W11+OHS; DISPLAY: 14 INCI WUXGA; NOTE:  TOUCH 2 IN 1 PEN ,,tidak dijual,
P344,LENOVO IDEAPAD 5 83KT003JID COSMIC BLUE,13149000,LAPTOP LENOVO,img\produk\LENOVO IDEAPAD 5 83KT003JID COSMIC BLUE.png,CPU: RYZEN AI 5 340;  RAM: 16GB;  SSD: 512GB; OS: W11+OHS; DISPLAY: 14 INCI WUXGA OLED + 2 IN 1  TOUCH  PEN    ,,tidak dijual,
P345,FLEX 5 14ABR8 82XX00HTID ABBYS BLUE,10399000,LAPTOP LENOVO,img\produk\FLEX 5 14ABR8 82XX00HTID ABBYS BLUE.avif,CPU: RYZEN 5-5625U;  RAM: 8GB; SSD: 512GB; OS:  W11+OHS; DISPLAY: 14 INCI WUXGA IPS + TOUCH SCREEN,,tidak dijual,
P346,FLEX 5 14ABR8 82XX00HUID ARTIC GREY,10399000,LAPTOP LENOVO,img\produk\FLEX 5 14ABR8 82XX00HTID ABBYS BLUE.avif,CPU: RYZEN 5-5625U;  RAM: 8GB; SSD: 512GB; OS:  W11+OHS; DISPLAY: 14 INCI WUXGA IPS + TOUCH SCREEN,,tidak dijual,
P347,LENOVO FLEX 5 82XX00HXID ARTIC GREY,10699000,LAPTOP LENOVO,img\produk\LENOVO FLEX 5 82XX00HXID ARTIC GREY.png,CPU: RYZEN 5-5625U;  RAM: 16GB; SSD: 512GB; OS: WIN 11 + OHS + M365; DISPLAY: 14 INCI WUXGA IPS + TOUCHSCREEN ( PEN ),,tidak dijual,
P348,LENOVO FLEX 5 82XX00HVID ABBYS BLUE,10699000,LAPTOP LENOVO,img\produk\LENOVO FLEX 5 82XX00HXID ARTIC GREY.png,CPU: RYZEN 5-5625U;  RAM: 16GB; SSD: 512GB; OS: WIN 11 + OHS + M365; DISPLAY: 14 INCI WUXGA IPS + TOUCHSCREEN ( PEN ),,tidak dijual,
P349,FLEX 5 14ABR8 82XX00HYID ABBYS BLUE,11699000,LAPTOP LENOVO,img\produk\LENOVO FLEX 5 82XX00HXID ARTIC GREY.png,CPU: RYZEN 7-5825U;  RAM: 16GB;  SSD: 512GB;  OS: W11+ OHS2024; DISPLAY: 14 INCI WUXGA IPS + TOUCHSCREEN 2 IN 1,,tidak dijual,
P350,FLEX 5 14ABR8 82XX00HWID ARTIC GREY,11699000,LAPTOP LENOVO,img\produk\LENOVO FLEX 5 82XX00HXID ARTIC GREY.png,CPU: RYZEN 7-5825U;  RAM: 16GB;  SSD: 512GB;  OS: W11+ OHS2024; DISPLAY: 14 INCI WUXGA IPS + TOUCHSCREEN 2 IN 1,,tidak dijual,
P351,LENOVO YOGA 7 14AHP9 -  83DK00ALID ARTIC GREY,18299000,LAPTOP LENOVO,img\produk\LENOVO YOGA 7 14AHP9 -  83DK00ALID ARTIC GREY.png,CPU: RYZEN 7-8840HS; RAM: 16GB; SSD: 1TB;  OS: WIN11; DISPLAY: 14 INCI WUXGA OLED ( URBAN SLEEVE CASE ),,tidak dijual,
P352,LENOVO YOGA 7 14AKP10 - 83JR003DID TIDAL TEAL,18299000,LAPTOP LENOVO,img\produk\LENOVO YOGA 7 14AKP10 - 83JR003DID TIDAk TEAL.png,CPU: RYZEN 5 AI-5340; RAM: 16GB; SSD: 1TB; OS:  W11+OHS+OHM2024; DISPLAY: 14 INCI WUXGA OLED TOUCSCREEN 2 IN 1,,tidak dijual,
P353,LENOVO YOGA 7 83DJ00GGID  TIDAL TEAL,21799000,LAPTOP LENOVO,img\produk\LENOO YOGA 7 83DJ00GGID  TIDAL TEAL.jfif,CPU: INTEL ULTRA U7 155H; RAM: 16GB; SSD: 1TB; DISPLAY:  2 IN 1 14 INCI OLED TOUCH + PEN; OS: W11+OHS,,tidak dijual,
P354,LENOVO YOGA 7 14AKP10 83JR009UID TIDAL TEAL,18399000,LAPTOP LENOVO,img\produk\LENOVO YOGA 7 14AKP10 83JR009UID TIDAL TEAL.avif,CPU: RYZEN AI 7; RAM: 16GB; SSD: 1TB; OS: W11 + OHS; DISPLAY: 14 WUXGA OLED + 2 IN 1 TOUCH + Sleeve+Stylus PEN   ,,tidak dijual,
P355,LENOVO YOGA 7 14ILL10 -  83JQ007DID SEASHELL,19999000,LAPTOP LENOVO,img\produk\LENOVO YOGA 7 14ILL10 -  83JQ007DID SEASHELL.webp,CPU: ULTRA 7-256V;  RAM: 16GB;  SSD: 1TB;  OS: W11 + OHS 2024; DISPLAY: 14 INCI 2.8K OLED 120HZ TOUCHSCREEN 2IN 1 + BACKLIT KEYBOARD    ,,tidak dijual,
P356,LENOVO YOGA 7 2in1 14IML10 83JQ007CID SEASHELL,26799000,LAPTOP LENOVO,img\produk\LENOVO YOGA 7 2in1 14IML10 83JQ007CID SEASHELL.jfif,CPU: ULTRA 7-258V; RAM: 32GB; SSD: 1TB; DISPLAY: 14 INCI WQXGA 2.8K OLED TOUCH; OS: W11 Home+OHS+M365B; BONUS: Stylus Pen,,,
P357,LENOVO YOGA 7 2in1 14ILL10 83JQ007DID SEASHELL,24599000,LAPTOP LENOVO,img\produk\LENOVO YOGA 7 2in1 14IML10 83JQ007CID SEASHELL.jfif,CPU: ULTRA 7-258V; RAM: 16GB; SSD: 1TB; DISPLAY: 14 INCI 2.8K WQXGA Touch; OS: WIN11 + OHM + M365,,tidak dijual,
P358,LENOVO YOGA BOOK 9 83KJ0025ID TIDAK TEAL,39999000,LAPTOP LENOVO,img\produk\LENOVO YOGA BOOK 9 83KJ0025ID TIDAK TEAL.png,CPU: CORE U9 285H; RAM: 32GB; SSD: 1TB; OS: W11+OHS; DISPLAY: 14 INCI 2.8K OLED TS,,tidak dijual,
P359,LENOVO LOQ 15IAX9E 83LK00EHID LUNA GREY,15299000,LAPTOP LENOVO,img\produk\LENOVO LOQ 15IAX9E 83LK00EHID LUNA GREY.png,CPU: CORE I5 12450HX; RAM: 16GB;  SSD: 512GB; GRAPHIC: RTX3050 6GB; OS:  W11+OHS + M365; DISPLAY:  15 6 INCI FHD   TIDAK DAPAT MOUSE BAWAAN,,tidak dijual,
P360,LENOVO LOQ 15IRX9 83DV01ASID LUNA GREY,17899000,LAPTOP LENOVO,img\produk\LENOVO LOQ 15IRX9 83DV01ASID LUNA GREY.png,CPU: CORE I5-13450HX;  RAM: 16GB; SSD: 512GB; GRAPHIC:  RTX3050 6GB; DISPLAY: 15.6 INCI FHD 144Hz  WIN11 + OHS + FREE MOUSE M210,,tidak dijual,
P361,LENOVO LOQ 15IRX10 - 83JE0052ID LUNA GREY,18899000,LAPTOP LENOVO,img\produk\LENOVO LOQ 15IRX10 - 83JE0052ID LUNA GREY.avif,CPU: CORE I5-13450HX;  RAM: 12GB;  SSD: 512GB; GRAPHIC: RTX5050 8GB; OS: W11+OHS2024; DISPLAY: 15.6 INCI FHD 144Hz 100% srgb,,tidak dijual,
P362,LENOVO LOQ 15IRX10 - 83JE00QCID LUNA GREY,18799000,LAPTOP LENOVO,img\produk\LENOVO LOQ 15IRX10 - 83JE00QCID LUNA GREY.avif,CPU: CORE I5-13450HX;  RAM: 16GB;  SSD: 512GB; GRAPHIC:  RTX5050 8GB; DISPLAY: 15.6 INCI FHD 144Hz  WIN11 + OHS,,tidak dijual,
P363,LENOVO LOQ 15IRX9 - 83DV01ARID LUNA GREY,20799000,LAPTOP LENOVO,img\produk\LENOVO LOQ 15IRX10 - 83JE00QCID LUNA GREY.avif,CPU: CORE I7-13650HX;  RAM: 16GB;  SSD: 512GB; GRAPHIC:  RTX4050 6GB; DISPLAY: 15.6 INCI FHD 144Hz  WIN11 + OHS,,tidak dijual,
P364,LENOVO LOQ 83JE00QDID LUNA GREY,25899000,LAPTOP LENOVO,img\produk\LENOVO LOQ 83JE00KAID GREY.png,CPU: INTEL CORE I7-13700HX; RAM: 16GB; SSD: 512 GB; VGA:  RTX5050 8GB; DISPLAY: 15.6 FHD 144Hz; OS: WIN11 + OHS; NOTE:  DAPAT MOUSE,,tidak dijual,
P365,LENOVO LOQ 83S000D1ID LUNA GREY,13399000,LAPTOP LENOVO,img\produk\LENOVO LOQ 83S000D1ID LUNA GREY.jfif,CPU: RYZEN 7-170; RAM: 16GB; SSD: 512GB; VGA: RTX3050; DISPLAY: 15.6 INCI FHD IPS 144Hz,,tidak dijual,
P366,LENOVO LOQ 83JE00KAID GREY,18499000,LAPTOP LENOVO,img\produk\LENOVO LOQ 83JE00KAID GREY.png,CPU: CORE I7-13700HX;  RAM: 12GB;  SSD: 512GB; GRAPHIC: RTX5050 8GB DDR7; DISPLAY: 15.6 INCI FHD   W11 + OHS 2024 ( FREE MOUSE M210 ),,tidak dijual,
P367,LENOVO LOQ 15AHP10 - 83JG0073ID LUNA GREY,17899000,LAPTOP LENOVO,img\produk\LENOVO LOQ 15AHP10 - 83JG0073ID LUNA GREY.png,CPU: RYZEN 5 220; RAM: 16GB;  SSD: 512GB; GRAPHIC: RTX5050 8GB; DISPLAY:  15.6 INCI FHD 144Hz; OS: WIN11 + OHS,,tidak dijual,
P368,LENOVO LOQ 15ARP10E 83S0001AID LUNA GREY,13399000,LAPTOP LENOVO,img\produk\LENOVO LOQ 15ARP10E 83S0001AID LUNA GREY.jpg,CPU: RYZEN 7-7735HS;  RAM: 16GB;  SSD: 512GB; GRAPHIC: RTX3050 6GB; DISPLAY: 15.6 INCI144Hz; OS:  WIN11   TIDAK DAPAT MOUSE BAWAAN,,tidak dijual,
P369,LENOVO LOQ 15ARP10E 83S0001BID GREY,21999000,LAPTOP LENOVO,img\produk\LENOVO LOQ 15ARP10E 83S0001BID GREY.jfif,CPU: RYZEN 7-7735HS; RAM: 16GB; SSD: 512GB; VGA:  RTX4050 6GB; DISPLAY:  15.6 INCI 144Hz 100sRGB; OS: W11+OHS+M365B,,,
P370,LENOVO LOQ  15AHP11 83TN000SID LUNA GREY,28599000,LAPTOP LENOVO,img\produk\LENOVO LOQ  15AHP11 83TN000SID LUNA GREY.avif,CPU: AMD RYZEN 7-250; RAM: 16GB; SSD: 512GB; VGA: RT5060 8GB; DISPLAY: 15.3 INCI 165HZ; OS: W11+OHS; NOTE:  DAPAT MOUSE,,,
P371,LENOVO LEGION 5 15AHP11 83Q7001MID ECLIPSE BLACK,29299000,LAPTOP LENOVO,img\produk\LENOVO LOQ  15AHP11 83TN000SID LUNA GREY.avif,CPU: Ryzen 7 250; RAM: 16GB; SSD: 512GB; VGA:  RTX5050 8GB ddr7; DISPLAY:  15.3 INCI WQXGA OLED 165Hz; OS: W11Home+OHS+M365B; NOTE: Mouse M300s,,,
P372,LENOVO LEGION 5 15AHP11 83Q7001NID ECLIPSE BLACK,31199000,LAPTOP LENOVO,img\produk\LENOVO LEGION 5 15AHP11 83Q7001NID ECLIPSE BLACK.avif,CPU: Ryzen 7 250; RAM: 16GB; SSD: 512GB; VGA: RTX5060 8GB ddr7; DISPLAY: 15.3 INCI WQXGA OLED 165Hz; OS: W11Home+OHS+M365B; NOTE: Mouse M300s,,,
P373,LENOVO LEGION PRO 5 83NN0054ID,33499000,LAPTOP LENOVO,img\produk\LENOVO LEGION PRO 5 83NN0054ID.jfif,CPU: Core I9-14900HX; RAM: 32GB; SSD: 1TB; VGA: RTX5060 8GB; OS: WIN11 + OHM + M365; DISPLAY: 16 INCI WQXGA; NOTE : DAPAT MOUSE,,tidak dijual,
P374,LENOVO LOQ 15AHP10 83JG0074ID LUNA GREY,18799000,LAPTOP LENOVO,img\produk\LENOVO LOQ 15AHP10 83JG0074ID LUNA GREY.avif,CPU: RYZEN 7 250;  RAM: 16GB;  SSD: 512GB; GRAPHIC: RTX5050 8GB DDR 7; DISPLAY: 15.6 INCI FHD 144Hz 100sRGB; OS: WIN11 + OHS ,,tidak dijual,
P375,LENOVO LEGION 5 15IRX10 - 83LY00E9ID BLACK,24499000,LAPTOP LENOVO,img\produk\LENOVO LEGION 5 15IRX10 - 83LY00E9ID BLACK.jpg,CPU: CORE i7-13650HX; RAM: 16GB; SSD: 512GB; GRAPHIC: RTX 5050 8GB; OS:  W11 HOME + OHM 2024 + M365; DISPLAY: 15.3 INCI WUXGA IPS,,tidak dijual,
P376,LENOVO LEGION 5 15IRX10 - 83LY00HKID BLACK,27299000,LAPTOP LENOVO,img\produk\LENOVO LEGION 5 15IRX10 - 83LY00HKID BLACK.avif,CPU: CORE I7 14700HX;  RAM: 16GB;  SSD: 512GB; GRAPHIC: RTX5060 8GB; OS: W11+OHS; DISPLAY: 15.1 INCI WQXGA OLED,,tidak dijual,
P377,LENOVO LEGION 5 15IRX10 83LY00HLID BLACK,24999000,LAPTOP LENOVO,img\produk\LENOVO LEGION 5 15IRX10 83LY00HLID BLACK.png,CPU: CORE I7-14700HX; RAM: 16GB; SSD: 512GB; GRAPHIC:  RTX5050 8GB; OS:  WIN11; DISPLAY: 15.1 INCI WQXGA OLED OHM+M365,,tidak dijual,
P378,LENOVO LEGION 5 15IRX10 83LY004RID BLACK,24999000,LAPTOP LENOVO,img\produk\LENOVO LEGION 5 15IRX10 83LY004RID BLACK.avif,CPU: CORE I7-14700HX; RAM: 24GB; SSD: 512GB; GRAPHIC:  RTX5050 8GB; OS:  W11+OHS+M365; DISPLAY: 15.1 INCI WQXGA 165HZ ,,tidak dijual,
P379,LEGION 5 15IAX10 83F00064ID BLACK,30399000,LAPTOP LENOVO,img\produk\LENOVO LEGION 5 15IRX10 83LY00HLID BLACK.png,CPU: ULTRA 7 255HX;  RAM: 32GB;  SSD: 512GB; GRAPHIC:  RTX 5070 8GB; OS: W11 HOME  OHM2024 + M365; DISPLAY:  15.1 INCI WQXGA OLED,,tidak dijual,
P380,LENOVO LEGION PRO 5 16IAX10 - 83F30035ID BLACK,28999000,LAPTOP LENOVO,img\produk\LENOVO LEGION 5 15IRX10 83LY00HLID BLACK.png,CPU: ULTRA 7 255HX;  RAM: 16GB;  SSD: 1TB;  GRAPHIC: RTX5060 8GB; DISPLAY: 16 INCI WQXGA OLED 165HZ; OS:  W11+OHS+M365B + MOUSE M300S RGB,,tidak dijual,
P381,LENOVO LEGION PRO 5 16IAX10H - 83LU001LID BLACK,42199000,LAPTOP LENOVO,img\produk\LENOVO LEGION 5 15IRX10 83LY00HLID BLACK.png,CPU: Ultra 9-275HX;  RAM: 32GB; SSD: 1TB; GRAPHIC:  RTX5070 TI 12GB; OS: WIN11 + OHM + M365; DISPLAY: 16 INCI WQXGA ,,tidak dijual,
P382,LENOVO LEGION 7 16IAX10 - 83KY004EID WHITE,40599000,LAPTOP LENOVO,img\produk\LENOVO LEGION 7 16IAX10 - 83KY004EID WHITE.png,CPU: ULTRA 9 275HX; RAM: 32GB; SSD: 1TB; GRAPHIC: RTX5070 8GB; OS: WIN11 + OLED OHM+M365; DISPLAY: 16 INCI WQXGA ,,tidak dijual,
P383,LENOVO IP5 2IN1 14IAL10 83KR0061ID LUNA GREY,19090000,LAPTOP LENOVO,img\produk\LENOVO IP5 2IN1 14IAL10 83KR0061ID LUNA GREY.avif,CPU:Ultra 5 225U; RAM: 16GB; SSD: 512GB; DISPLAY: 14 INCI WUXGA; OS: W11+OHS+M365; FITUR: TOUCH + Stylus Pen,,tidak dijual,
P384,LENOVO IP5 2IN1 14IAL10 83KR0063ID LUNA GREY,20799000,LAPTOP LENOVO,img\produk\LENOVO IP5 2IN1 14IAL10 83KR0063ID LUNA GREY.webp,CPU:Ultra 7 225U; RAM: 16GB; SSD: 512GB; DISPLAY: 14 INCI WUXGA; OS: W11+OHS+M365; FITUR: TOUCH + Stylus Pen,,tidak dijual,
P385,LENOVO SLIM 3 14IRU8 82X6006DID ARTIC GREY,9299000,LAPTOP LENOVO,img\produk\LENOVO SLIM 3 14IRU8 82X6006DID ARTIC GREY.jfif,CPU: CORE I3-1315; RAM: 8GB; SSD: 256GB; OS:  W11+OHS+M365B,,,
P386,LENOVO SLIM 3 14IRU8 82X6006PID ABBYS BLUE,9699000,LAPTOP LENOVO,img\produk\LENOVO SLIM 3 14IRU8 82X6006PID ABBYS BLUE.jfif,CPU: CORE I3-1315U; RAM: 8GB; SSD: 512GB: OS: W11+0HS+M365B; DISPLAY: 14 INCI FHD ,,,
P387,LENOVO SLIM 3 14IRU8 82X6006QID ARTIC GREY,9699000,LAPTOP LENOVO,img\produk\LENOVO SLIM 3 14IRU8 82X6006PID ABBYS BLUE.jfif,CPU: CORE I3-1315U; RAM: 8GB; SSD: 512GB; OS: W11+0HS+M365B; DISPLAY: 14 INCI FHD ,,,
P388,LENOVO SLIM 3 14IWC11 83RQ001RID LUNA GREY,17399000,LAPTOP LENOVO,img\produk\LENOVO SLIM 3 14IWC11 83RQ001RID LUNA GREY.jfif,CPU: Core 7 350; RAM: 16GB; SSD: 512GB; DISPLAY: 14 INCI WUXGA; OS: W11H+OH24+M365B,,,
P389,LENOVO SLIM 3 14IWC11 83RQ001SID COSMIC BLUE,17399000,LAPTOP LENOVO,img\produk\LENOVO SLIM 3 14IWC11 83RQ001RID LUNA GREY.jfif,CPU: Core 7 350; RAM: 16GB; SSD: 512GB; DISPLAY: 14 INCI WUXGA; OS: W11H+OH24+M365B,,,
P390,LENOVO SLIM 3 15IWC11 83RR0081ID COSMIC BLUE,17399000,LAPTOP LENOVO,img\produk\LENOVO SLIM 3 15IWC11 83RR0081ID COSMIC BLUE.jfif,CPU: Core 7 350; RAM: 16GB; SSD: 512GB; DISPLAY: 15.3 INCI WUXGA; OS: W11H+OH24+M365B,,,
P391,LENOVO SLIM 3 15IWC11 83RR0080ID LUNA GREY,17399000,LAPTOP LENOVO,img\produk\LENOVO SLIM 3 15IWC11 83RR0081ID COSMIC BLUE.jfif,CPU: Core 7 350; RAM: 16GB; SSD: 512GB; DISPLAY: 15.3 INCI WUXGA; OS: W11H+OH24+M365B,,,
P392,LENOVO SLIM 3 14AMN8 82XN00C4ID ABBYS BLUE,9999000,LAPTOP LENOVO,img\produk\LENOVO SLIM 3 14AMN8 82XN00C4ID ABBYS BLUE.jfif,CPU: RYZEN 3 7320U; RAM: 8GB; SSD: 512 GB; DISPLAY: 14 INCI FHD TN; OS: W11 M365+OH24,,,
P393,LENOVO SLIM 3 14AMN8 82XN00C5ID ARTIC GREY,9999000,LAPTOP LENOVO,img\produk\LENOVO SLIM 3 14AMN8 82XN00C5ID ARTIC GREY.jfif,CPU: RYZEN 3 7320U; RAM: 8GB; SSD: 512 GB; DISPLAY: 14 INCI FHD TN; OS: W11 M365+OH24,,,
P394,LENOVO YOGA 7 2in1 14ILL10 83JQ007NID SEASHELL,22999000,LAPTOP LENOVO,img\produk\LENOVO YOGA 7 2in1 14ILL10 83JQ007NID SEASHELL.jfif,CPU: ULTRA 5-226V; RAM: 16GB; SSD: 512GB ; DISPLAY: 14 INCI WUXGA OLED TOUCH; OS: W11+OHS+M365B; NOTE: STYLUS PEN,,,
P395,LENOVO YOGA 7 2in1 14IPH11 83TC003YID SEASHELL *AURA EDITION*,26899000,LAPTOP LENOVO,img\produk\LENOVO YOGA 7 2in1 14IPH11 83TC003YID SEASHELL AURA EDITION,CPU: ULTRA 5-322; RAM: 16GB; SSD: 512GB; DISPLAY: 14 INCI WUXGA OLED TOUCH; OS: W11+OHS+M365B; NOTE: STYLUS PEN,,,
P396,LENOVO YOGA 7 2IN1 14IPH11 83TC008GID SEASHELL,26499000,LAPTOP LENOVO,img\produk\LENOVO YOGA 7 2IN1 14IPH11 83TC008GID SEASHELL.jfif,CPU: ULTRA 7 355; RAM: 16GB; SSD: 512GB; OS: W11 + OHS + M365; DISPLAY: 14 INCI WUXGA; NOTE: TOUCH + PEN,,,
P397,LENOVO LOQ 83JE00QDID LUNA GREY,25699000,LAPTOP LENOVO,img\produk\LENOVO LOQ 83JE00QDID LUNA GREY.jfif,CPU: CORE I7-13700HX; RAM: 16GB; SSD: 512GB; VGA: RTX5050 8GB; DISPLAY: 15.6 INCI FHD 144Hz; OS: WIN11 + OHS ,,,
P398,LENOVO LOQ 15ARP10E  83S000D1ID LUNA GREY,19299000,LAPTOP LENOVO,img\produk\LENOVO LOQ 15ARP10E  83S000D1ID LUNA GREY.jfif,CPU: RYZEN 7-170; RAM: 16GB; SSD: 512GB ; VGA: RTX3050; DISPLAY: 15.6 INCI FHD IPS 144Hz,,,
P399,LENOVO LOQ 15AHP11 83TN000TID LUNA GREY,26699000,LAPTOP LENOVO,img\produk\LENOVO LOQ 15AHP11 83TN000TID LUNA GREY.jfif,CPU: RYZEN 7 250; RAM: 16GB; SSD: 512GB; VGA: RTX5050 8GB DDR7; DISPLAY: 15.3 INCI 165Hz 100sRGB; OS: W11Home+OHS2024+M365B+Lenovo AI Now,,,
P400,LENOVO A100 F0JN0012ID GREY,11299000,PC AIO LENOVO,img\produk\LENOVO A100 F0JN0012ID GREY.avif,CPU: CORE I3-N305; RAM: 8GB; SSD: 512GB; DISPLAY:  23.8 INCI FHD; OS: W11; NOTE : NON OHS,,,
P401,LENOVO F0HN00Q6ID LUNA GREY,12299000,PC AIO LENOVO,img\produk\LENOVO F0HN00Q6ID LUNA GREY.webp,CPU: CORE I3 1315U;  RAM: 8GB;  SSD: 512GB; OS: W11; DISPLAY: 23 8 INCI,,,
P402,LENOVO F0HN00Q2ID CLOUD GREY,12299000,PC AIO LENOVO,img\produk\LENOVO F0HN00Q6ID LUNA GREY.webp,CPU: CORE I3 1315U;  RAM: 8GB;  SSD: 512GB; OS: W11; DISPLAY: 23 8 INCI,,,
P403,LENOVO 27IRH9 F0HM00Q6ID LUNA GREY,11999000,PC AIO LENOVO,img\produk\LENOVO 27IRH9 F0HM00Q6ID LUNA GREY.png,CPU: CORE I5-13420H;  RAM: 8GB;  SSD: 512GB; OS: WIN11 + OHM 2024 + M365; DISPLAY: 27 INCI FHD  ,,tidak dijual,
P404,SMARTLOCK EZVIZ DL05,2499000,SMARTLOCK EZVIZ,img\produk\DL05.webp,Miliki pintu masuk rumah yang aman dan praktis tanpa kunci,2299000,,
P405,INSTAL ULANG SISTEM (UNIT BISA DIJEMPUT),85000,SISTEM,img\produk\INSTALL ULANG.jfif,Intal ulang komputer/ laptop/ pc aio window & sistem lainmya ,,,
P406,CLEANING DEBU PC/LAPTOP BIASA INCLUDE GANTI PASTA,150000,CLEANING DEBU PC/LAPTOP,img\produk\CLEANING DEBU.jfif,NOTE: UNTUK LAPTOP BIASA NON GAMING,,,
P407,RESET PRINTER EPSON/CANON/DLL,100000,RESET PRINTER,img\produk\RESET.png,Solusi printer error  lampu berkedip  tidak bisa cetak  error tinta,,,
P408,RUIJIE REYEE CEILING RG-RAP62,1600000,RUIJIE,img\produk\RUIJIE REYEE CEILING RG-RAP62.png,AP Mesh Serbaguna Indoor/Outdoor AX3000 untuk Vila dan Bisnis Ritel,,,
P409,RUIJIE REYEE RG-RAP1200F AC1300 ACCSES POINT,728000,RUIJIE,img\produk\RUIJIE REYEE RG-RAP1200F AC1300 ACCSES POINT.webp,Performa radio ganda  akses poin model dinding gigabit wireless,,,
P410,RUIJIE REYEE RG-RAP1200P,1378000,RUIJIE,img\produk\RUIJIE REYEE RG-RAP1200P.jpg,Performa radio ganda  akses poin model dinding gigabit penuh,,,
P411,RUIJIE REYEE RG-RAP1201,1180000,RUIJIE,img\produk\RUIJIE REYEE RG-RAP1201.png,Performa radio-ganda  AP wireless gigabit pemasangan dinding,,,
P412,RUIJIE REYEE RG-RAP2200E AC1300 DUAL BAND CEILING MOUNT ACCESS POINT,1185000,RUIJIE,img\produk\RUIJIE REYEE RG-RAP2200E AC1300 DUAL BAND CEILING MOUNT ACCESS POINT.png,Performa Radio-Ganda  hingga 1.267 Gbps.,,,
P413,RUIJIE REYE RG-RAP2200F AC1300 DUAL BAND CEILING MOUNT ACCESS POINT,918000,RUIJIE,img\produk\RUIJIE REYEE RG-RAP2200F AC1300 DUAL BAND CEILING MOUNT ACCESS POINT.png,Performa Radio-Ganda  hingga 1.267 Gbps.,,,
P414,RUIJIE REYEE RG-RAP2260 AX3000 WIFI6 CEILING MOUNT,1815000,RUIJIE,img\produk\RUIJIE REYEE RG-RAP2260 AX3000 WIFI6 CEILING MOUNT.png,Ultra-high performance Wi-Fi with 2.97 Gbps throughput.,,,
P415,RUIJIE REYEE RG-RAP2266 WIFI6 AX3000 INDOOR CEILING MOUTED,1860000,RUIJIE,img\produk\RUIJIE REYEE RG-RAP2266 WIFI6 AX3000 INDOOR CEILING MOUTED.png,Performa radio-ganda  AP model ceiling wireless gigabit,,,
P416,RUIJIE REYEE RG-RAP52OD,1336000,RUIJIE,img\produk\RUIJIE REYEE RG-RAP52OD.png,AP Mini Outdoor Wave 2 AC1300 untuk Vila dan Bisnis Ritel,,,
P417,RUIJIE REYEE FB-RAP6202G AC1300 ACCESS POINT OUTDOOR,2386000,RUIJIE,img\produk\RUIJIE REYEE FB-RAP6202G AC1300 ACCESS POINT OUTDOOR.png,Desain gaya UFO ï¿½ perpaduan sempurna antara teknologi Wi-Fi 6 dan hasil seni,,,
P418,RUIJIE REYEE RG-RAP72 WIFI7 BE3600 CEILING MOUNT ACCESS POINT,2000000,RUIJIE,img\produk\RUIJIE REYEE RG-RAP72 WIFI7 BE3600 CEILING MOUNT ACCESS POINT.png,AI-powered Wi-Fi 7 ceiling-mount AP with dual-radio performance,,,
P419,RUIJIEE REYEE RG-RAP720L WIRELESS,1700000,RUIJIE,img\produk\RUIJIEE REYEE RG-RAP720L WIRELESS.png,Dual Radios  Combined Rate Up to 1.167 Gbps,,,
P420,RUIJIE REYEE CEILING RG-RAP2260E,2852000,RUIJIE,img\produk\RUIJIE REYEE CEILING RG-RAP2260E.jpg,,,,
P421,RUIJIE REYEE RG-RAP6262G OUTDOOR AP AX1800 DUAL BAND,2586000,RUIJIE,img\produk\RUIJIE REYEE FB-RAP6202G AC1300 ACCESS POINT OUTDOOR.png,Desain gaya UFO ï¿½ perpaduan sempurna antara teknologi Wi-Fi 6 dan hasil seni,,,
P422,RUIJIE REYEE RG-EG209GS 9PORT GIGABYTE SMART CLOUD MANAGED ROUTER WITH 1 SFP,1866000,RUIJIE,img\produk\RUIJIE REYEE RG-EG209GS 9PORT GIGABYTE SMART CLOUD MANAGED ROUTER WITH 1 SFP.png,Port SFP LAN/WAN bisa saling tukar untuk menambah koneksi fiber,,,
P423,RUIJIE REYEE RG-EW1200 AC1200 DUAL BAND WIRELESS ROUTER,468000,RUIJIE,img\produk\RUIJIE REYEE RG-EW1200 AC1200 DUAL BAND WIRELESS ROUTER.png,Mendukung 802.11ac wave2,,,
P424,RUIJIE REYEE RG-EW1200G PRO AC DUAL BAND GIGABYTE WIRELESS ROUTER,660000,RUIJIE,img\produk\RUIJIE REYEE RG-EW1200G PRO AC DUAL BAND GIGABYTE WIRELESS ROUTER.png,Mendukung hingga 64 koneksi perangkat secara bersamaan,,,
P425,RUIJIE REYEE RG-EW3000GX GAMING ROUTER WIFI 6,868000,RUIJIE,img\produk\RUIJIE REYEE RG-EW3000GX GAMING ROUTER WIFI 6.png,Reyee mesh eksklusif menyediakan solusi Wi-Fi cakupan menyeluruh,,,
P426,RUIJIE REYEE RG-EW3000GX PRO GAMING ROUTER WIFI 6,1286000,RUIJIE,img\produk\RUIJIE REYEE RG-EW3000GX PRO GAMING ROUTER WIFI 6.png,Mesin Game memberikan pengalaman bermain game yang tiada tanding,,,
P427,RUIJIE REYEE RG-EW300N ROUTER WIRELESS N300 WIFI 4,286000,RUIJIE,img\produk\RUIJIE REYEE RG-EW300N ROUTER WIRELESS N300 WIFI 4.png,Mendukung manajemen cloud gratis seumur hidup,,,
P428,TP LINK ROUTER TL-WR840N 300Mbps,195000,TP LINK,img\produk\WR400N.jpg,Jaringan Tamu menyediakan akses terpisah untuk tamu sekaligus menjaga keamanan jaringan rumah.,,,
P429,TARMOC HTB-3100 AB,155000,TARMOC,img\produk\HTB3100 TARMOC.jpeg,,,,
P430,ADAPTOR HTB TARMOC 2A,80000,TARMOC,img\produk\ADAPTOR HTB TARMOC.jpeg,,,,
P431,ADVAN TOOLS CLEANING 6 IN 1,55000,TOOLS,img\produk\TOOLS CLEANING.jpeg,,,,
P432,DF TOOLS CLEANING 6 IN 1,55000,TOOLS,img\produk\DF CLEANER.jpeg,,,,
P433,BOR CATRIDGE MANUAL FOR PRINTER CANON/HP,45000,TOOLS,img\produk\BOR CATRIDGE.jfif,,,,
P434,OPPO A5i 4/128GB,1699000,OPPO,img\produk\OPPO A5i 4 128.png,CPU: Qualcomm Snapdragon 6s 4G Gen 1; BATERAI: 5100mAh pengisian daya cepat 45W SUPERVOOC; LAYAR: 6.67 inci HD+ 90Hz; KAMERA BELAKANG: 8MP; RAM: 4GB; ROM: 128GB; NOTE:  ketahanan bodi standar militer IP54,,tidak dijual,
P435,OPPO A5X 4/128GB,1899000,OPPO,img\produk\OPPO A5X.png,CPU: Qualcomm Snapdragon 6s 4G Gen 1; RAM: 4GB;  ROM: 128GB;KAMERA: BELAKANG 32 MP  Depan 5 MP; BATERAI: 6000 mAh; NOTE: Fitur Lain: Side fingerprint  IP65; ,,tidak dijual,
P436,OPPO A5X 6/128GB,2199000,OPPO,img\produk\OPPO A5X.png,CPU: Qualcomm Snapdragon 6s 4G Gen 1; RAM: 4GB;  ROM: 128GB;  KAMERA: Utama 32 MP  Depan 5 MP;  BATERAI: 6000 mAh; NOTE:  Fitur Lain: Side fingerprint  IP65 ,,tidak dijual,
P437,OPPO A6X 4/64GB,2299000,OPPO,img\produk\OPPO A6X.png,CPU: Chipset Qualcomm Snapdragon 685; RAM: 4&6 GB;ROM:  64-256GB; LAYAR:  6.75 INCI; KAMERA: Kamera Ultra Clear 13 MP; BATERAI: 6500 mAh,,tidak dijual,
P438,OPPO A6X 4/128GB,2899000,OPPO,img\produk\OPPO A6X.png,CPU: Chipset Qualcomm Snapdragon 685; RAM: 4&6 GB;ROM:  64-256GB; LAYAR:  6.75 INCI; KAMERA: Kamera Ultra Clear 13 MP; BATERAI: 6500 mAh,2799000,tidak dijual,
P439,OPPO A6X 6/128GB,3399000,OPPO,img\produk\OPPO A6X.png,CPU: Chipset Qualcomm Snapdragon 685; RAM: 4&6 GB;ROM:  64-256GB; LAYAR:  6.75 INCI; KAMERA: Kamera Ultra Clear 13 MP; BATERAI: 6500 mAh,,,
P440,OPPO A6X 6/256GB,3999000,OPPO,img\produk\OPPO A6X.png,CPU: Chipset Qualcomm Snapdragon 685; RAM: 4&6 GB;ROM:  64-256GB; LAYAR:  6.75 INCI; KAMERA: Kamera Ultra Clear 13 MP; BATERAI: 6500 mAh,3899000,,
P441,OPPO A6 6/128GB,3999000,OPPO,img\produk\OPPO A6.png,CPU: Chipset Qualcomm Snapdragon 685; RAM: 6 GB;ROM:  128/256GB; LAYAR:  6.75 INCI; KAMERA: Kamera Utama 50 MP; BATERAI: 7000 mAh,3899000,,
P442,OPPO A6 6/256GB,4299000,OPPO,img\produk\OPPO A6.png,CPU: Chipset Qualcomm Snapdragon 685; RAM: 6 GB;ROM:  128/256GB; LAYAR:  6.75 INCI; KAMERA: Kamera Utama 50 MP; BATERAI: 7000 mAh,4199000,,
P443,OPPO A6C 4/64GB,2699000,OPPO,img\produk\OPPO A6C.png,CPU: Chipset UNISOC T7250; RAM: 4 GB;ROM:  64/128GB; LAYAR:  6.75 INCI; KAMERA: Kamera: 13/5 MP; BATERAI: 7000 mAh,,,
P444,OPPO A6C 4/128GB,3199000,OPPO,img\produk\OPPO A6C.png,CPU: Chipset UNISOC T7250; RAM: 4 GB;ROM:  64/128GB; LAYAR:  6.75 INCI; KAMERA: Kamera: 13/5 MP; BATERAI: 7000 mAh,,,
P445,OPPO A6 PRO 4G 8/128GB,4099000,OPPO,img\produk\OPPO A6 PRO.png,CPU: Chipset Mediatek Helio G100; RAM: 8 GB;ROM:  128/256GB; LAYAR:  6.57 INCI; KAMERA: Kamera Utama 50 MP; BATERAI: 7000 mAh,,tidak dijual,
P446,OPPO A6 PRO 4G 8/256GB,4499000,OPPO,img\produk\OPPO A6 PRO.png,CPU: Chipset Mediatek Dimensity 7300; RAM: 8 GB;ROM:  128/256GB; LAYAR:  6.57 INCI; KAMERA: Kamera Utama 50 MP; BATERAI: 7000 mAh,,tidak dijual,
P447,OPPO A6 PRO 5G 8/256GB,4799000,OPPO,img\produk\OPPO A6PRO.png,CPU: Chipset Mediatek Dimensity 6300; RAM: 8 GB;ROM: 256GB; LAYAR:  6.57 INCI; KAMERA: Kamera Utama 50 MP; BATERAI: 7000 mAh,,tidak dijual,
P448,OPPO A6S 8/128GB,4799000,OPPO,img\produk\OPPO A6S.png,CPU:Qualcomm Snapdragon®685; RAM&ROM: 8/128GB&256GB;  KAMERA: 50 MP;  BATERAI: 7000mAh; LAYAR:  6.75 INCI; NOTE: FREE/BONUS ENCO BUDS HANYA BERLAKU SAMPAI STOK BONUS HABIS,4699000,,ENCO BUDS 3 PRO
P449,OPPO A6S 8/256GB,5299000,OPPO,img\produk\OPPO A6S.png,CPU:Qualcomm Snapdragon®685; RAM&ROM: 8/128GB&256GB;  KAMERA: 50 MP;  BATERAI: 7000mAh; LAYAR:  6.75 INCI; NOTE: FREE/BONUS ENCO BUDS HANYA BERLAKU SAMPAI STOK BONUS HABIS,5199000,,ENCO BUDS 3 PRO
P450,OPPO RENO 13F 5G 12/256GB,5999000,OPPO,img\produk\OPPO RENO 13F 5G.png,CPU:Qualcomm Snapdragon 6 Gen 1; RAM&ROM: 12&256GB;  KAMERA: 50 MP;  BATERAI: 5800mAh; LAYAR:  6.67 INCI,,tidak dijual,
P451,OPPO RENO 15F 8/128GB,6599000,OPPO,img\produk\OPPO RENO15 F.png,CPU:Qualcomm Snapdragon 6 Gen 1; RAM: 8&12GB;ROM: 128&256GB;  KAMERA: 50 MP;  BATERAI: 7000mAh; LAYAR:  6.57 INCI,6499000,tidak dijual,
P452,OPPO RENO 15F 8/256GB,7199000,OPPO,img\produk\OPPO RENO15 F.png,CPU:Qualcomm Snapdragon 6 Gen 1; RAM: 8&12GB;ROM: 128&256GB;  KAMERA: 50 MP;  BATERAI: 7000mAh; LAYAR:  6.57 INCI,7099000,tidak dijual,
P453,OPPO RENO 15F 12/256GB,7899000,OPPO,img\produk\OPPO RENO15 F.png,CPU:Qualcomm Snapdragon 6 Gen 1; RAM: 8&12GB;ROM: 128&256GB;  KAMERA: 50 MP;  BATERAI: 7000mAh; LAYAR:  6.57 INCI,7799000,tidak dijual,
P454,OPPO RENO 15 5G 8/256GB,9299000,OPPO,img\produk\OPPO RENO 15.png,CPU:Qualcomm Snapdragon 7 Gen 4; RAM: 8&12GB;ROM: 256GB;  KAMERA: 50 MP;  BATERAI: 6500mAh; LAYAR:  6.59 INCI,9199000,tidak dijual,
P455,OPPO RENO 15 5G 12/256GB,9999000,OPPO,img\produk\OPPO RENO 15.png,CPU:Qualcomm Snapdragon 7 Gen 4; RAM: 8&12GB;ROM: 256GB;  KAMERA: 50 MP;  BATERAI: 6500mAh; LAYAR:  6.59 INCI,9899000,tidak dijual,
P456,OPPO RENO 15 PROMAX 12/512GB,14499000,OPPO,img\produk\OPPO RENO 15 PROMAX.png,CPU:Chipset Mediatek Dimensty 8450; RAM: 12GB;ROM: 512GB;  KAMERA: 50 MP;  BATERAI: 6500mAh; LAYAR:  6.78 INCI,13799000,tidak dijual,
P457,OPPO RENO 16F 8/128GB ,7999000,OPPO,img\produk\OPPO RENO 16F.png,CPU: Chipset Mediatek Dimensity 7300; RAM: 8 GB;ROM:  128/256GB; LAYAR:  6.57 INCI; KAMERA: Kamera Utama 50 MP; BATERAI: 7000 mAh 80W,7799000,,masih free gift PO
P458,OPPO RENO 16F 8/256GB ,8699000,OPPO,img\produk\OPPO RENO 16F.png,CPU: Chipset Mediatek Dimensity 7300; RAM: 8 GB;ROM:  128/256GB; LAYAR:  6.57 INCI; KAMERA: Kamera Utama 50 MP; BATERAI: 7000 mAh 80W,8499000,,masih free gift PO
P459,OPPO RENO 16 8/256GB ,11999000,OPPO,img\produk\OPPO RENO 16 5G.png,CPU:Qualcomm Snapdragon 7 Gen 4; RAM: 8GB;ROM:256GB;  KAMERA: 50 MP;  BATERAI: 6700mAh 80W; LAYAR:  6.32 INCI 120hz ,11699000,,
P460,OPPO RENO 16 12/256GB ,12999000,OPPO,img\produk\OPPO RENO 16 5G.png,CPU:Qualcomm Snapdragon 7 Gen 4; RAM: 12GB;ROM:256GB;  KAMERA: 50 MP;  BATERAI: 6700mAh 80W; LAYAR:  6.32 INCI 120hz ,12699000,,
P461,OPPO RENO 16 PRO 12/256GB ,14999000,OPPO,img\produk\OPPO RENO 16 PRO.png,CPU: Mediatek Dimensity 8550 ; RAM: 12GB;ROM:256GB;  KAMERA: 200+50+50+50 MP;  BATERAI: 6700mAh 80W; LAYAR:  6.32 INCI 144hz ,14699000,,
P462,OPPO FIND X9 S 12/256GB,15499000,OPPO,img\produk\OPPO FIND X9 S.png,CPU: Mediatek Dimensity 9500S ; RAM: 12GB;ROM:256GB;  KAMERA: 50+32 MP;  BATERAI: 7.025mAh 80W; LAYAR:  6.59 INCI 120hz ,15399000,,
P463,OPPO FIND X9 S 12/512GB,17499000,OPPO,img\produk\OPPO FIND X9 S.png,CPU: Mediatek Dimensity 9500S ; RAM: 12GB;ROM:512GB;  KAMERA: 50+32 MP;  BATERAI: 7.025mAh 80W; LAYAR:  6.59 INCI 120hz ,17399000,,
P464,OPPO PAD SE 4/128GB,3599000,OPPO,img\produk\OPPO PAD SE.jpg,,3399000,tidak dijual,
P465,WATCH S SILVER,3099000,OPPO,img\produk\WATCH S SILVER.png,,,,
P466,WATCH S BLACK,2999000,OPPO,img\produk\WATCH S BLACK.png,,,,
P467,ENCO BUDS 3 PRO,369000,OPPO,img\produk\ENCO BUDS 3 PRO.png,,349000,tidak dijual,
P468,VIVO Y04S 4/64GB,1549000,VIVO,img\produk\VIVO Y04S.png,CPU:Chipset Unisoc T612; RAM: 4GB;ROM: 64/128GB;  KAMERA: 13 MP;  BATERAI: 6000mAh; LAYAR:  6.74 INCI,,tidak dijual,
P469,VIVO Y04S 4/128GB,1699000,VIVO,img\produk\VIVO Y04S.png,CPU:Chipset Unisoc T612; RAM: 4GB;ROM: 64/128GB;  KAMERA: 13 MP;  BATERAI: 6000mAh; LAYAR:  6.74 INCI,,tidak dijual,
P470,VIVO Y05 4/64GB,2299000,VIVO,img\produk\VIVO Y05.png,CPU: chipset Unisoc Tiger T7225; LAYAR: 6.74 inci 120Hz; KAMERA: kamera front 5MP  REAR 8MP; BATERAI: 6500 mAh 15W,,,
P471,VIVO Y05 4/128GB,2599000,VIVO,img\produk\VIVO Y05.png,CPU: chipset Unisoc Tiger T7225; LAYAR: 6.74 inci 120Hz; KAMERA: kamera front 5MP  REAR 8MP; BATERAI: 6500 mAh 15W,,,
P472,VIVO Y11D 4/64GB,2799000,VIVO,img\produk\VIVO Y11D.webp,CPU: chipset Unisoc Tiger T7225; LAYAR: 6.74 inci 120Hz; KAMERA: 5/50MP; BATERAI: 6500 mAh 44W,2749000,,
P473,VIVO Y11D 4/128GB,3299000,VIVO,img\produk\VIVO Y11D.webp,CPU: chipset Unisoc Tiger T7225; LAYAR: 6.74 inci 120Hz; KAMERA: 5/50MP; BATERAI: 6500 mAh 44W,3249000,,
P474,VIVO Y11D 6/128GB,3799000,VIVO,img\produk\VIVO Y11D.webp,CPU: chipset Unisoc Tiger T7225; LAYAR: 6.74 inci 120Hz; KAMERA: 5/50MP; BATERAI: 6500 mAh 44W,3749000,,
P475,VIVO Y19S PRO 4/64GB,1599000,VIVO,img\produk\VIVO Y19S.webp,CPU: chipset Unisoc Tiger T612; LAYAR: 6.68 inci 90Hz; KAMERA: kamera utama 50MP; BATERAI: 6000 mAh,,tidak dijual,
P476,VIVO Y19S PRO 4/128GB,1799000,VIVO,img\produk\VIVO Y19S.webp,CPU: chipset Unisoc Tiger T612; LAYAR: 6.68 inci 90Hz; KAMERA: kamera utama 50MP; BATERAI: 6000 mAh,,tidak dijual,
P477,VIVO Y19S PRO 6/128GB,1999000,VIVO,img\produk\VIVO Y19S.webp,CPU: chipset Unisoc Tiger T612; LAYAR: 6.68 inci 90Hz; KAMERA: kamera utama 50MP; BATERAI: 6000 mAh,,tidak dijual,
P478,VIVO Y21D 4/128GB,2399000,VIVO,img\produk\VIVO Y21D.webp,CPU: chipset Unisoc T7225;  RAM: 4GB;  LAYAR: 6.68 inci 90Hz; KAMERA: kamera 50MP; BATERAI: baterai jumbo 6500 mAh,,tidak dijual,
P479,VIVO Y21D 6/128GB,2799000,VIVO,img\produk\VIVO Y21D.webp,CPU: chipset Unisoc T7225;  RAM: 6GB;  LAYAR: 6.68 inci 90Hz; KAMERA: kamera 50MP; BATERAI: baterai jumbo 6500 mAh,,tidak dijual,
P480,VIVO Y21D 6/256GB,3199000,VIVO,img\produk\VIVO Y21D.webp,CPU: chipset Unisoc T7225;  RAM: 6GB;  LAYAR: 6.68 inci 90Hz; KAMERA: kamera 50MP; BATERAI: baterai jumbo 6500 mAh,,tidak dijual,
P481,VIVO Y21D 8/128GB,2999000,VIVO,img\produk\VIVO Y21D.webp,CPU: chipset Unisoc T7225;  RAM: 8GB;  LAYAR: 6.68 inci 90Hz; KAMERA: kamera 50MP; BATERAI: baterai jumbo 6500 mAh,,tidak dijual,
P482,VIVO Y31D 4/128GB,3599000,VIVO,img\produk\VIVO Y31D PRO.jpg,CPU: chipset Snapdragon 685;  RAM: 4GB;  LAYAR: 6.75 inci ; KAMERA: kamera 50MP; BATERAI: baterai jumbo 7200 mAh 44W,,,
P483,VIVO Y31D PRO 4/128GB,3899000,VIVO,img\produk\VIVO Y31D PRO.jpg,CPU: chipset Snapdragon 685;  RAM: 4GB;  LAYAR: 6.75 inci 120Hz; KAMERA: kamera 50MP; BATERAI: baterai jumbo 7000 mAh 90W,,,
P484,VIVO Y31D PRO 6/128GB,4299000,VIVO,img\produk\VIVO Y31D PRO.jpg,CPU: chipset Snapdragon 685;  RAM: 6GB;  LAYAR: 6.75 inci 120Hz; KAMERA: kamera 50MP; BATERAI: baterai jumbo 7000 mAh 90W,4199000,,
P485,VIVO Y31D PRO 8/128GB,4899000,VIVO,img\produk\VIVO Y31D PRO.jpg,CPU: chipset Snapdragon 685;  RAM: 8GB;  LAYAR: 6.75 inci 120Hz; KAMERA: kamera 50MP; BATERAI: baterai jumbo 7000 mAh 90W,4799000,,
P486,VIVO Y31D PRO 8/256GB,5499000,VIVO,img\produk\VIVO Y31D PRO.jpg,CPU: chipset Snapdragon 685;  RAM: 8GB;  LAYAR: 6.75 inci 120Hz; KAMERA: kamera 50MP; BATERAI: baterai jumbo 7000 mAh 90W,5399000,,
P487,VIVO Y29 6/128GB,2699000,VIVO,img\produk\VIVO Y29.png,CPU: chipset Snapdragon 685; RAM: 8GB; ROM: 256GB; BATERAI: 6500mAh  pengisian cepat 44W; LAYAR: 6.68 inci HD+ 120Hz; KAMERA:  kamera utama 50MP ,,tidak dijual,
P488,VIVO Y29 8/128GB,2999000,VIVO,img\produk\VIVO Y29.png,CPU: chipset Snapdragon 685; RAM: 8GB; ROM: 256GB; BATERAI: 6500mAh  pengisian cepat 44W; LAYAR: 6.68 inci HD+ 120Hz; KAMERA:  kamera utama 50MP ,,tidak dijual,
P489,VIVO Y29 8/256GB,3299000,VIVO,img\produk\VIVO Y29.png,CPU: chipset Snapdragon 685; RAM: 8GB; ROM: 256GB; BATERAI: 6500mAh  pengisian cepat 44W; LAYAR: 6.68 inci HD+ 120Hz; KAMERA:  kamera utama 50MP ,,tidak dijual,
P490,VIVO V60 LITE 4G 8/256GB,5299000,VIVO,img\produk\VIVO V60 LITE 4G.webp,CPU: chipset Snapdragon 685; LAYAR: AMOLED 6.77 inci 120Hz;  RAM: 8GB (bisa diperluas);ROM: 128/256GB; BATERAI: 6500mAh + 90W FlashCharge; KAMERA:  kamera utama 50MP,,tidak dijual,
P491,VIVO V60 LITE 5G 8/256GB,5999000,VIVO,img\produk\VIVO V60 LITE 4G.webp,CPU: MediaTek Dimensity 7360-Turbo; LAYAR:  AMOLED 120Hz; BATERAI:  500mAh  90W fast charge; KAMERA:  kamera utama 50MP sensor Sony,,tidak dijual,
P492,VIVO V60 LITE 5G 12/512GB,6299000,VIVO,img\produk\VIVO V60 LITE 4G.webp,CPU: MediaTek Dimensity 7360-Turbo; LAYAR:  AMOLED 120Hz; BATERAI:  500mAh  90W fast charge; KAMERA:  kamera utama 50MP sensor Sony,,tidak dijual,
P493,VIVO V60 8/256GB,6999000,VIVO,img\produk\VIVO V60.webp,CPU:  chipset Snapdragon 7 Gen 4; KAMERA: kamera 50MP ZEISS; BATERAI: 6500 mAh ,,tidak dijual,
P494,VIVO V60 12/256GB,7499000,VIVO,img\produk\VIVO V60.webp,CPU:  chipset Snapdragon 7 Gen 4; KAMERA: kamera 50MP ZEISS; BATERAI: 6500 mAh ,,tidak dijual,
P495,VIVO V60 12/512GB,8499000,VIVO,img\produk\VIVO V60.webp,CPU:  chipset Snapdragon 7 Gen 4; KAMERA: kamera 50MP ZEISS; BATERAI: 6500 mAh ,,tidak dijual,
P496,VIVO XFOLD5 16/512GB,24999000,VIVO,img\produk\VIVO XFOLD.webp,CPU: chipset Snapdragon 8 Gen 3; BATERAI: 6000mAh; KAMERA: kamera Zeiss 50MP,,tidak dijual,
P497,VIVO V70 FE 8/256GB,6999000,VIVO,img\produk\VIVO V70FE.png,CPU: chipset Dimensity 7360-Turbo; BATERAI: 7000mAh; KAMERA: kamera  depan 32MP kamera belakang 200MP 8MP wide-angle; LAYAR: 6.83 INCI AMOLED,6699000,,
P498,VIVO V70 FE 12/256GB,7999000,VIVO,img\produk\VIVO V70FE.png,CPU: chipset Dimensity 7360-Turbo; BATERAI: 7000mAh; KAMERA: kamera  depan 32MP kamera belakang 200MP 8MP wide-angle; LAYAR: 6.83 INCI AMOLED,7799000,,
P499,VIVO V70 8/256GB,9999000,VIVO,img\produk\VIVO V70.png,CPU: chipset Snapdragon 7 Gen 4; BATERAI: 6500mAh; KAMERA: 50MP zeiss 8MP wide-angle; LAYAR: 6.59 INCI AMOLED,9799000,,
P500,VIVO V70 12/256GB,8999000,VIVO,img\produk\VIVO V70.png,CPU: chipset Snapdragon 7 Gen 4; BATERAI: 6500mAh; KAMERA: 50MP zeiss 8MP wide-angle; LAYAR: 6.59 INCI AMOLED,8899000,tidak dijual,
P501,VIVO V70 12/512GB,10999000,VIVO,img\produk\VIVO V70.png,CPU: chipset Snapdragon 7 Gen 4; BATERAI: 6500mAh; KAMERA: 50MP zeiss 8MP wide-angle; LAYAR: 6.59 INCI AMOLED,10799000,,
P502,VIVO X300 12/256GB,14999000,VIVO,img\produk\VIVO X300.webp,CPU: Dimensity 9500; BATERAI: 6040mAh  90W;KAMERA: Depan 50MP/BELAKANG 200MP+50+50MP; LAYAR: 6.31 INCI AMOLED,14699000,,
P503,VIVO X300 16/512GB,16999000,VIVO,img\produk\VIVO X300.webp,CPU: Dimensity 9500; BATERAI: 6040mAh  90W;KAMERA: Depan 50MP/BELAKANG 200MP+50+50MP; LAYAR: 6.31 INCI AMOLED,16699000,,
P504,REDMI A5 4/128GB,1599000,SMARTPHONE XIAOMI,img\produk\REDMI A5.webp,CPU: Prosesor UNISOC T7250; RAM&ROM:  4 GB + 128 GB; LAYAR:  6.88 INCI; KAMERA: Kamera utama 32 MP; BATERAI: 5.200 mAh,,tidak dijual,
P505,REDMI A7 PRO 4/64GB,1999000,SMARTPHONE XIAOMI,img\produk\REDMI A7 PRO.jpg,CPU: Prosesor UNISOC T7250; RAM: 4GB;ROM:  64/128 GB; LAYAR:  6.9 INCI; KAMERA: Kamera utama 13 MP; BATERAI: 5.200 mAh,,,
P506,REDMI A7 PRO 4/128GB,2199000,SMARTPHONE XIAOMI,img\produk\REDMI A7 PRO.jpg,CPU: Prosesor UNISOC T7250; RAM: 4GB;ROM:  64/128 GB; LAYAR:  6.9 INCI; KAMERA: Kamera utama 13 MP; BATERAI: 5.200 mAh,,,
P507,REDMI 15C 6/128GB,2349000,SMARTPHONE XIAOMI,img\produk\REDMI 15C.webp,CPU: Prosesor MediaTek Helio G81-Ultra; RAM&ROM:  6 GB + 128GB;  KAMERA:  Kamera utama 50 MP; BATERAI:  6.000 mAh,,tidak dijual,
P508,REDMI 15C 8/256GB,2549000,SMARTPHONE XIAOMI,img\produk\REDMI 15C.webp,CPU: Prosesor MediaTek Helio G81-Ultra; RAM&ROM:  6 GB + 128GB;  KAMERA:  Kamera utama 50 MP; BATERAI:  6.000 mAh,,tidak dijual,
P509,REDMI 15 8/128GB,2699000,SMARTPHONE XIAOMI,img\produk\REDMI 15.webp,CPU: Snapdragon 685; LAYAR: 6.9 144Hz; BATERAI: 7.000 mAh 33W; KAMERA: kamera utama 50M,,tidak dijual,
P510,REDMI 15 8/256GB,2899000,SMARTPHONE XIAOMI,img\produk\REDMI 15.webp,CPU: Snapdragon 685; LAYAR: 6.9 144Hz; BATERAI: 7.000 mAh 33W; KAMERA: kamera utama 50M,,tidak dijual,
P511,REDMI 17 4/128GB,2899000,SMARTPHONE XIAOMI,img\produk\REDMI 17.webp,CPU: Helio G91 Ultra; LAYAR: 6.9 120Hz; BATERAI: 7.500 mAh 45W; KAMERA: kamera utama 50M,,,
P512,REDMI 17 6/128GB,3299000,SMARTPHONE XIAOMI,img\produk\REDMI 17.webp,CPU: Helio G91 Ultra; LAYAR: 6.9 120Hz; BATERAI: 7.500 mAh 45W; KAMERA: kamera utama 50M,,,
P513,REDMI 17 6/256GB,3849000,SMARTPHONE XIAOMI,img\produk\REDMI 17.webp,CPU: Helio G91 Ultra; LAYAR: 6.9 120Hz; BATERAI: 7.500 mAh 45W; KAMERA: kamera utama 50M,,,
P514,REDMI NOTE 14 8/128GB,2399000,SMARTPHONE XIAOMI,img\produk\REDMI NOTE 14.webp,CPU: Helio G99-Ultra; RAM&ROM: 8 GB+128GB/ 8 GB+256GB; LAYAR: AMOLED 6.67; KAMERA:  Kamera utama 108 MP; BATERAI: 5.500 mAh,,tidak dijual,
P515,REDMI NOTE 14 8/256GB,2599000,SMARTPHONE XIAOMI,img\produk\REDMI NOTE 14.webp,CPU: Helio G99-Ultra; RAM&ROM: 8 GB+128GB/ 8 GB+256GB; LAYAR: AMOLED 6.67; KAMERA:  Kamera utama 108 MP; BATERAI: 5.500 mAh,,tidak dijual,
P516,REDMI NOTE 14 5G 8/256GB,3199000,SMARTPHONE XIAOMI,img\produk\REDMI NOTE 14 5G.webp,CPU: Dimensity 7025-Ultra; RAM&ROM:  8GB+256GB/ 12GB+512GB; LAYAR: AMOLED 6.67; KAMERA: Kamera utama 108 MP; BATERAI: 5.500 mAh ,,tidak dijual,
P517,REDMI NOTE 14 5G 12/512GB,3999000,SMARTPHONE XIAOMI,img\produk\REDMI NOTE 14 5G.webp,CPU: Dimensity 7025-Ultra; RAM&ROM:  8GB+256GB/ 12GB+512GB; LAYAR: AMOLED 6.67; KAMERA: Kamera utama 108 MP; BATERAI: 5.500 mAh ,,tidak dijual,
P518,REDMI NOTE 14 PRO 5G 8/256GB,4399000,SMARTPHONE XIAOMI,img\produk\REDMI NOTE 14PRO 5G.webp,CPU: MediaTek Dimensity 7300-Ultra; RAM&ROM:  8+256 GB/ 12+512 GB; LAYAR: CrystalRes AMOLED 6.67; KAMERA: Kamera utama 200 MP; BATERAI:  5.500 mAh,4299000,tidak dijual,
P519,REDMI NOTE 14 PRO 5G 12/512GB,4999000,SMARTPHONE XIAOMI,img\produk\REDMI NOTE 14PRO 5G.webp,CPU: MediaTek Dimensity 7300-Ultra; RAM&ROM:  8+256 GB/ 12+512 GB; LAYAR: CrystalRes AMOLED 6.67; KAMERA: Kamera utama 200 MP; BATERAI:  5.500 mAh,,tidak dijual,
P520,REDMI NOTE 14 PRO+ 5G 8/256GB,5499000,SMARTPHONE XIAOMI,img\produk\REDMI NOTE14 PRO+ 5G.webp,CPU: Snapdragon 7s Gen 3; RAM&ROM: 8+256 GB/ 12+512 GB; LAYAR: CrystalRes AMOLED 6.67; KAMERA: Kamera utama 200 MP; BATERAI:  5.500 mAh ,,tidak dijual,
P521,REDMI NOTE 14 PRO+ 5G 12/512GB,5999000,SMARTPHONE XIAOMI,img\produk\REDMI NOTE14 PRO+ 5G.webp,CPU: Snapdragon 7s Gen 3; RAM&ROM: 8+256 GB/ 12+512 GB; LAYAR: CrystalRes AMOLED 6.67; KAMERA: Kamera utama 200 MP; BATERAI:  5.500 mAh ,,tidak dijual,
P522,REDMI NOTE 15 8/128GB,3199000,SMARTPHONE XIAOMI,img\produk\REDMI NOTE 15.webp,CPU: MediaTek Helio G100-Ultra; RAM&ROM:  8GB+128GB/ 8GB+256GB; LAYAR: AMOLED 6.77; KAMERA: Kamera utama 108MP; BATERAI: 6000mAh,,tidak dijual,
P523,REDMI NOTE 15 8/256GB,3399000,SMARTPHONE XIAOMI,img\produk\REDMI NOTE 15.webp,CPU: MediaTek Helio G100-Ultra; RAM&ROM:  8GB+128GB/ 8GB+256GB; LAYAR: AMOLED 6.77; KAMERA: Kamera utama 108MP; BATERAI: 6000mAh,,tidak dijual,
P524,REDMI NOTE 15 5G 8/256GB,4199000,SMARTPHONE XIAOMI,img\produk\REDMI NOTE 15 5G.webp,CPU: Snapdragon 6 Gen 3; RAM&ROM:  8GB + 256GB/ 12GB + 512GB; LAYAR: AMOLED 6.77; KAMERA: 108 MP kamera utama; BATERAI: 5520 mAh,,tidak dijual,
P525,REDMI NOTE 15 5G 8/512GB,4699000,SMARTPHONE XIAOMI,img\produk\REDMI NOTE 15 5G.webp,CPU: Snapdragon 6 Gen 3; RAM&ROM:  8GB + 256GB/ 12GB + 512GB; LAYAR: AMOLED 6.77; KAMERA: 108 MP kamera utama; BATERAI: 5520 mAh,,tidak dijual,
P526,REDMI NOTE 15 5G 12/512GB,4799000,SMARTPHONE XIAOMI,img\produk\REDMI NOTE 15 5G.webp,CPU: Snapdragon 6 Gen 3; RAM&ROM:  8GB + 256GB/ 12GB + 512GB; LAYAR: AMOLED 6.77; KAMERA: 108 MP kamera utama; BATERAI: 5520 mAh,,tidak dijual,
P527,REDMI NOTE 15 PRO 5G 8/256GB,5099000,SMARTPHONE XIAOMI,img\produk\REDMI NOTE 15 PRO 5G.webp,CPU: MediaTek Dimensity 7400-Ultra; RAM&ROM:  8GB+256GB/ 12GB+512GB; LAYAR: AMOLED 6.83; KAMERA:  Kamera utama 200 MP; BATERAI: 6580 mAh,,tidak dijual,
P528,REDMI NOTE 15 PRO 5G 12/512GB,5999000,SMARTPHONE XIAOMI,img\produk\REDMI NOTE 15 PRO 5G.webp,CPU: MediaTek Dimensity 7400-Ultra; RAM&ROM:  8GB+256GB/ 12GB+512GB; LAYAR: AMOLED 6.83; KAMERA:  Kamera utama 200 MP; BATERAI: 6580 mAh,5899000,tidak dijual,
P529,REDMI NOTE 15 PRO+ 5G 8/256GB,6399000,SMARTPHONE XIAOMI,img\produk\REDMI NOTE 15 PRO+ 5G.webp,CPU: Snapdragon7s Gen 4; LAYAR:  6.83 CrystalRes AMOLED; KAMERA:  Kamera utama 200 MP; BATERAI:  6500 mAh,6299000,tidak dijual,
P530,REDMI NOTE 15 PRO+ 5G 12/512GB,7199000,SMARTPHONE XIAOMI,img\produk\REDMI NOTE 15 PRO+ 5G.webp,CPU: Snapdragon7s Gen 4; LAYAR:  6.83 CrystalRes AMOLED; KAMERA:  Kamera utama 200 MP; BATERAI: 6500 mAh,7099000,,
P531,REDMI NOTE 17 6/128GB,3999000,SMARTPHONE XIAOMI,img\produk\REDMI NOTE 17 4G.webp,CPU: Snapdragon 6s 4G Gen 2; LAYAR:  6.99 AMOLED; KAMERA:  Kamera utama 50 MP; BATERAI: 7700 mAh,,,
P532,REDMI NOTE 17 6/256GB,4299000,SMARTPHONE XIAOMI,img\produk\REDMI NOTE 17 4G.webp,CPU: Snapdragon 6s 4G Gen 2; LAYAR:  6.99 AMOLED; KAMERA:  Kamera utama 50 MP; BATERAI: 7700 mAh,,,
P533,REDMI NOTE 17 5G 6/128GB,4599000,SMARTPHONE XIAOMI,img\produk\REDMI NOTE 17 4G.webp,CPU: Snapdragon 4 Gen 4; LAYAR:  6.99 AMOLED; KAMERA:  Kamera utama 50 MP; BATERAI: 7700 mAh,,,
P534,REDMI NOTE 17 5G 8/256GB,5199000,SMARTPHONE XIAOMI,img\produk\REDMI NOTE 17 4G.webp,CPU: Snapdragon 4 Gen 4; LAYAR:  6.99 AMOLED; KAMERA:  Kamera utama 50 MP; BATERAI: 7700 mAh,,,
P535,REDMI NOTE 17 PRO 8/256GB,5999000,SMARTPHONE XIAOMI,img\produk\REDMI Note 17 Pro 5G.webp,CPU: Snapdragon 6S Gen 4; LAYAR:  6.83 INCI AMOLED; KAMERA:  Kamera utama 50 MP; BATERAI: 8340 mAh 67W; NOTE: PROMO HANYA BERLAKU PERIODE 25-30 SEPTEMBER,5599000,,
P536,REDMI NOTE 17 PRO 8/512GB,6999000,SMARTPHONE XIAOMI,img\produk\REDMI Note 17 Pro 5G.webp,CPU: Snapdragon 6S Gen 4; LAYAR:  6.83 INCI AMOLED; KAMERA:  Kamera utama 50 MP; BATERAI: 8340 mAh 67W; NOTE: PROMO HANYA BERLAKU PERIODE 25-30 SEPTEMBER,6599000,,
P537,REDMI NOTE 17 PROMAX 8/256GB,7499000,SMARTPHONE XIAOMI,img\produk\REDMI Note 17 Pro Max 5G.webp,CPU: Snapdragon 6 Gen 5; LAYAR:  6.83 INCI AMOLED; KAMERA:  Kamera utama 50 MP; BATERAI: 10000 mAh 100W; NOTE: PROMO HANYA BERLAKU PERIODE 25-30 SEPTEMBER,7099000,,
P538,REDMI NOTE 17 PROMAX 8/512GB,8499000,SMARTPHONE XIAOMI,img\produk\REDMI Note 17 Pro Max 5G.webp,CPU: Snapdragon 6 Gen 5; LAYAR:  6.83 INCI AMOLED; KAMERA:  Kamera utama 50 MP; BATERAI: 10000 mAh 100W; NOTE: PROMO HANYA BERLAKU PERIODE 25-30 SEPTEMBER,8099000,,
P539,XIAOMI 15T 12/512GB,7999000,SMARTPHONE XIAOMI,img\produk\XIAOMI 15T.webp,CPU: MediaTek Dimensity 8400-Ultra; LAYAR:  6.83 120Hz eye-care display; BATERAI:  Xiaomi Surge Battery 5.500 mAh,7899000,,
P540,XIAOMI 15T PRO 12/512GB,10499000,SMARTPHONE XIAOMI,img\produk\XIAOMI 15T.webp,CPU: MediaTek Dimensity 9400+;  LAYAR: 6.83 144Hz eye-care display; BATERAI:  Xiaomi Surge Battery 5.500 mAh,10399000,tidak dijual,
P541,XIAOMI 17 12/256GB,14999000,SMARTPHONE XIAOMI,img\produk\XIAOMI 17.webp,CPU: Snapdragon 8 Elite Gen 5;  LAYAR: 6.3 INCI  OLED CrystalRes; BATERAI: 6330 mAh 100W; KAMERA: 50MP,14799000,,
P542,XIAOMI 17 12/512GB,15999000,SMARTPHONE XIAOMI,img\produk\XIAOMI 17.webp,CPU: Snapdragon 8 Elite Gen 5;  LAYAR: 6.3 INCI  OLED CrystalRes; BATERAI: 6330 mAh 100W; KAMERA: 50MP,15799000,,
P543,XIAOMI 17T 12/512GB,9999000,SMARTPHONE XIAOMI,img\produk\XIAOMI 17T.webp,CPU: Mediatek Dimensity 8500 Ultra;  RAM: 12GB ; ROM: 512GB; LAYAR: 6.59 INCI ; BATERAI: 6500 mAh 67W; KAMERA: 50MP,9899000,,Headphone redmi neo
P544,XIAOMI 17T PRO 12/512GB,12999000,SMARTPHONE XIAOMI,img\produk\XIAOMI 17T PRO.webp,CPU: Mediatek Dimensity 9500;  RAM: 12GB ; ROM: 512GB; LAYAR: 6.83 INCI 144 Hz ; BATERAI: 7000 mAh 100W; KAMERA: 50MP,12899000,,Headphone redmi neo
P545,XIAOMI POCO X7 PRO 12/512GB,5199000,SMARTPHONE XIAOMI,img\produk\XIAOMI POCO X7 PRO.webp,CPU: Dimensity 8400-Ultra;  LAYAR: AMOLED 6.67 INCI 120HZ; BATERAI:  6000 mAh; RAM&ROM: 12/512GB; KAMERA: KAMERA UTAMA 50MP,,,
P546,REDMI PAD SE 8.7  4/128GB,1799000,SMARTPHONE XIAOMI,img\produk\REDMI PAD SE 8.7.webp,CPU: Helio G85; KAMERA: 5MP+8MP; LAYAR: 8.7 INCI IPS DISPLAY FHD 90HZ; BATERAI:  6650 Mah 18W,,tidak dijual,
P547,REDMI PAD 2 4/64GB 9.7 INCI,2649000,SMARTPHONE XIAOMI,img\produk\REDMI PAD 2 9.7 INCI.webp,CPU: Snapdragon 6s 4G Gen 2; KAMERA: 5MP+8MP; LAYAR: 9.7 INCI 120 HZ; BATERAI:  7600 Mah 18W,,,
P548,REDMI PAD 2 4/64GB 4G 9.7 INCI,3099000,SMARTPHONE XIAOMI,img\produk\REDMI PAD 2 9.7 INCI.webp,CPU: Snapdragon 6s 4G Gen 2; KAMERA: 5MP+8MP; LAYAR: 9.7 INCI 120 HZ; BATERAI:  7600 Mah 18W,,,
P549,REDMI PAD 2 4/128GB 11 INCI,3299000,SMARTPHONE XIAOMI,img\produk\redmi pad 2.webp,CPU: Helio G100 ultra; KAMERA: 5MP+8MP; LAYAR:  11.0 INCI IPS 90HZ; BATERAI: 9000Mah 18W,,,
P550,REDMI PAD 2 4/128GB 4G 9.7 INCI,3299000,SMARTPHONE XIAOMI,img\produk\redmi pad 2.webp,CPU: Helio G100 ultra; KAMERA: 5MP+8MP; LAYAR:  11.0 INCI IPS 90HZ; BATERAI: 9000Mah 18W,,,
P551,REDMI PAD 2 4G 6/128GB,2999000,SMARTPHONE XIAOMI,img\produk\redmi pad 2.webp,CPU: Helio G100 ultra; KAMERA: 5MP+8MP; LAYAR: 11.0 INCI IPS 90HZ; BATERAI:  9000Mah 18W; FITUR: Dual SIM Dual 4G,,tidak dijual,
P552,REDMI PAD 2 PRO  8/256GB,4699000,SMARTPHONE XIAOMI,img\produk\redmipad 2 pro.webp,CPU: Snapdragon 7s Gen2; RAM: 8+8GB; LAYAR: 12.1 INCI IPS 2.5K 120HZ; BATERAI:  10000Mah 33W,4599000,tidak dijual,
P553,XIAOMI PAD 7  8/256GB,5499000,SMARTPHONE XIAOMI,img\produk\xiaomipad 7.webp,CPU: Snapdragon 7+ Gen3; RAM&ROM: 8+256GB; LAYAR: 11.2 INCI 3.2K 144HZ; BATERAI:  8850Mah 45W,5449000,tidak dijual,
P554,XIAOMI PAD 7 PRO  12/512GB,7499000,SMARTPHONE XIAOMI,img\produk\xiaomipad 7 pro.webp,CPU: Snapdragon 8 Gen3; RAM&ROM: 12/512GB; LAYAR: 11.2 INCI 3.2K 144HZ; BATERAI:  8850Mah 67W,7449000,tidak dijual,
P555,XIAOMI PAD 8 (FREE KEYBOARD),8499000,SMARTPHONE XIAOMI,img\produk\XIAOMI PAD 8.webp,CPU: Snapdragon 8 Gen 4; RAM&ROM: 8/256GB; LAYAR: 11.2 INCI 3.2K 144HZ; BATERAI:  9200Mah 45W,8399000,,KEYBOARD
P556,XIAOMI PAD 8 PRO 8/256GB,9999000,SMARTPHONE XIAOMI,img\produk\XIAOMI PAD 8.webp,CPU: Snapdragon 8 Elite; RAM&ROM: 8/256GB; LAYAR: 11.2 INCI 3.2K 144HZ; BATERAI:  9200Mah 67W,9899000,,KEYBOARD
P557,XIAOMI PAD 8 PRO 12/512GB,11999000,SMARTPHONE XIAOMI,img\produk\XIAOMI PAD 8.webp,CPU: Snapdragon 8 Elite; RAM&ROM: 12/512GB; LAYAR: 11.2 INCI 3.2K 144HZ; BATERAI:  9200Mah 67W,11899000,,KEYBOARD + PEN
P558,REDMI WATCH 5,1699000,SMARTPHONE XIAOMI,img\produk\REDMI WATCH 5.webp,,1599000,tidak dijual,
P559,REDMI WATCH 6,1599000,SMARTPHONE XIAOMI,img\produk\REDMI WATCH 6.webp,,,,
P560,REDMI WATCH 5 ACTIVE,599000,SMARTPHONE XIAOMI,img\produk\REDMI WATCH 5 ACTIVE.webp,,,,
P561,REDMI WATCH 5 LITE,899000,SMARTPHONE XIAOMI,img\produk\REDMI WATCH 5 LITE.webp,,,,
P562,REDMI BUDS 6 PLAY,179000,SMARTPHONE XIAOMI,img\produk\REDMI BUDS 6 PLAY.webp,,,,
P563,REDMI BUDS 6 LITE,279000,SMARTPHONE XIAOMI,img\produk\REDMI BUDS 6 LITE.webp,,,,
P564,REDMI BUDS 6,689000,SMARTPHONE XIAOMI,img\produk\REDMI BUDS 6.webp,,,,
P565,XIAOMI BAND 10,779000,SMARTPHONE XIAOMI,img\produk\XIAOMI BAND 10.webp,,,,
P566,XIAOMI BAND 9 PRO,1029000,SMARTPHONE XIAOMI,img\produk\XIAOMI BAND 9 PRO.webp,,,tidak dijual,
P567,XIAOMI SMART TV 32 A PRO 2025,1999000,XIAOMI SMART TV,img\produk\XIAMI SMART TV 32A.jpg,,,tidak dijual,
P568,XIAOMI SMART TV 32 A PRO 2026,2599000,XIAOMI SMART TV,img\produk\32A 2026.webp,,,,
P569,XIAOMI SMART TV 43 FHD A 2026,3399000,XIAOMI SMART TV,img\produk\XIAOMI SMART TV 43 FHD A 2025.webp,,,,
P570,XIAOMI SMART TV 43A PRO 2026 QLED,3949000,XIAOMI SMART TV,img\produk\XIAOMI SMART TV 43A PRO 2026 QLED.webp,,,,
P571,XIAOMI SMART TV 55A PRO 2026 QLED,6198000,XIAOMI SMART TV,img\produk\XIAOMI SMART TV 43A PRO 2026 QLED.webp,,,,
P572,XIAOMI SMART TV 65A PRO 2026 QLED,8499000,XIAOMI SMART TV,img\produk\XIAOMI SMART TV 43A PRO 2026 QLED.webp,,,,
P573,XIAOMI SMART TV 100MAX QLED,29798000,XIAOMI SMART TV,img\produk\XIAOMI SMART TV 100MAX QLED.webp,,,,
P574,HUAWEI MATEPAD SE 6/128GB,2579000,HUAWEI,img\produk\HUAWEI MATEPAD SE.png,,,tidak dijual,
P575,HUAWEI MATEPAD SE 2026 8/128GB,5499000,HUAWEI,img\produk\HUAWEI MATEPAD SE.png,,,,FREE COVER
P576,HUAWEI MATEPAD 11.5  6/128,4699000,HUAWEI,img\produk\HUAWEI MATEPAD 11.5 6 128GB.png,,4599000,tidak dijual,
P577,HUAWEI MATEPAD 11.5  8/256GB 2025,9999000,HUAWEI,img\produk\HUAWEI MATEPAD 11.5 6 128GB.png,,9899000,,FREE KEYBOARD & PEN
P578,HUAWEI MATEPAD MINI 12/256GB,9999000,HUAWEI,img\produk\MATEPAD MINI.png,,9899000,,
P579,HUAWEI MATEPAD 12X 2026 12GB/256GB,10999000,HUAWEI,img\produk\HUAWEI MATEPAD 12X 2026 OTW.png,,,,FREE KEYBOARD
P580,HUAWEI WATCH FIT4,1799000,HUAWEI,img\produk\HUAWEI WATCH FIT4.webp,,,,
P581,HUAWEI WATCH FIT4 PRO,2799000,HUAWEI,img\produk\HUAWEI WATCH FIT4 PRO.webp,,,,
P582,TECNO GO 3 4/64GB,2059000,TECNO,img\produk\TECNO GO3.webp,CPU: Unisoc T7250 ;RAM: 4GB; ROM: 128GB; LAYAR: 120Hz 6.75 INCI Dot Notch Screen; BATERAI:  5000mAh; KAMERA:  Front: 8MP     Rear: 13MP Rear Dual Flash,,,
P583,TECNO GO 3 4/128GB,2259000,TECNO,img\produk\TECNO GO3.webp,CPU: Unisoc T7250 ;RAM: 4GB; ROM: 128GB; LAYAR: 120Hz 6.75 INCI Dot Notch Screen; BATERAI:  5000mAh; KAMERA:  Front: 8MP   Rear: 13MP Rear Dual Flash,,,
P584,TECNO SPARK 40 6/128GB,2199000,TECNO,img\produk\TECNO SPARK 40.webp,CPU: Helio G91; RAM: 6/8GB; ROM: 128/256GB; LAYAR: 120Hz 6.67 INCI Hole Screen; BATERAI:  5200mAh; KAMERA:  Depan: 8MP /Belakang : 50MP,,tidak dijual,
P585,TECNO SPARK 40 8/256GB,2189000,TECNO,img\produk\TECNO SPARK 40.webp,CPU: Helio G91; RAM: 6/8GB; ROM: 128/256GB; LAYAR: 120Hz 6.67 INCI Hole Screen; BATERAI:  5200mAh; KAMERA:  Depan: 8MP /Belakang : 50MP,,tidak dijual,
P586,TECNO SPARK 40 PRO+ 8/128GB,2999000,TECNO,img\produk\TECNO SPARK 40 PRO+.webp,CPU: Mediatek Helio G200; RAM: 8GB; ROM: 128/256GB; LAYAR: 144Hz 6.78 INCI; BATERAI:  5200mAh; KAMERA:  Depan: 13MP /Belakang : 50MP,,tidak dijual,
P587,TECNO SPARK 40 PRO+ 8/256GB,3199000,TECNO,img\produk\TECNO SPARK 40 PRO+.webp,CPU: Mediatek Helio G200; RAM: 8GB; ROM: 128/256GB; LAYAR: 144Hz 6.78 INCI; BATERAI:  5200mAh; KAMERA:  Depan: 13MP /Belakang : 50MP,,tidak dijual,
P588,TECNO SPARK 50 4/128GB,2759000,TECNO,img\produk\TECNO SPARK 50.webp,CPU: Mediatek Helio G81; RAM: 4GB; ROM: 128GB; LAYAR: 120Hz 6.78 INCI; BATERAI:  7000mAh 18W; KAMERA:  Depan: 8MP /Belakang : 50MP,2709000,,
P589,TECNO SPARK 50 6/128GB,3159000,TECNO,img\produk\TECNO SPARK 50.webp,CPU: Mediatek Helio G81; RAM: 6GB; ROM: 128GB; LAYAR: 120Hz 6.78 INCI; BATERAI:  7000mAh 18W; KAMERA:  Depan: 8MP /Belakang : 50MP,3109000,,
P590,TECNO SPARK 50 8/128GB,3459000,TECNO,img\produk\TECNO SPARK 50.webp,CPU: Mediatek Helio G81; RAM: 6GB; ROM: 128GB; LAYAR: 120Hz 6.78 INCI; BATERAI:  7000mAh 18W; KAMERA:  Depan: 8MP /Belakang : 50MP,3409000,,
P591,TECNO CAMON 40 8/128GB,2899000,TECNO,img\produk\CAMON 40.webp,CPU: Mediatek Helio G100 Ultimate; RAM: 8GB; ROM: 128/256GB; LAYAR: 120Hz 6.78 INCI; BATERAI:  5200mAh; KAMERA:  Depan: 32MP /Belakang : 50MP,,tidak dijual,
P592,TECNO CAMON 40 8/256GB,3149000,TECNO,img\produk\CAMON 40.webp,CPU: Mediatek Helio G100 Ultimate; RAM: 8GB; ROM: 128/256GB; LAYAR: 120Hz 6.78 INCI; BATERAI:  5200mAh; KAMERA:  Depan: 32MP /Belakang : 50MP,,tidak dijual,
P593,TECNO CAMON 40 PRO 5G 8/256GB,4499000,TECNO,img\produk\TECNO CAMON 40 PRO 5G.webp,CPU: Mediatek Dimensity 7300 Ultimate; RAM: 8/12GB; ROM: 256GB; LAYAR: 144Hz 6.78 INCI; BATERAI:  5200mAh; KAMERA:  50MP,,tidak dijual,
P594,TECNO CAMON 40 PRO 5G 12/256GB,4299000,TECNO,img\produk\TECNO CAMON 40 PRO 5G.webp,CPU: Mediatek Dimensity 7300 Ultimate; RAM: 8/12GB; ROM: 256GB; LAYAR: 144Hz 6.78 INCI; BATERAI:  5200mAh; KAMERA:  50MP,,tidak dijual,
P595,TECNO CAMON 50 8/128GB,4159000,TECNO,img\produk\TECNO CAMON 50.webp,CPU: Mediatek Helio G200 Ultimate; RAM: 8/12GB; ROM: 128/256GB; LAYAR: 144Hz 6.78 INCI; BATERAI:  6500mAh; KAMERA:  Depan 32Mp Belakang 50MP,4059000,,
P596,TECNO CAMON 50 8/256GB,4559000,TECNO,img\produk\TECNO CAMON 50.webp,CPU: Mediatek Helio G200 Ultimate; RAM: 8/12GB; ROM: 128/256GB; LAYAR: 144Hz 6.78 INCI; BATERAI:  6500mAh; KAMERA:  Depan 32Mp Belakang 50MP,4459000,,
P597,TECNO CAMON 50 12/256GB,4759000,TECNO,img\produk\TECNO CAMON 50.webp,CPU: Mediatek Helio G200 Ultimate; RAM: 8/12GB; ROM: 128/256GB; LAYAR: 144Hz 6.78 INCI; BATERAI:  6500mAh; KAMERA:  Depan 32Mp Belakang 50MP,4659000,,
P598,TECNO CAMON 50 PRO 8/256GB,5999000,TECNO,img\produk\TECNO CAMON 50 PRO.webp,CPU: Mediatek Dimensity 7400 Ultimate; RAM: 8/12GB; ROM: 256/512GB; LAYAR: 144Hz 6.78 INCI; BATERAI:  6500mAh; KAMERA:  50MP,5859000,,
P599,TECNO CAMON 50 PRO 12/256GB,6099000,TECNO,img\produk\TECNO CAMON 50 PRO.webp,CPU: Mediatek Dimensity 7400 Ultimate; RAM: 8/12GB; ROM: 256/512GB; LAYAR: 144Hz 6.78 INCI; BATERAI:  6500mAh; KAMERA:  50MP,5999000,,
P600,TECNO CAMON 50 PRO 12/512GB,7299000,TECNO,img\produk\TECNO CAMON 50 PRO.webp,CPU: Mediatek Dimensity 7400 Ultimate; RAM: 8/12GB; ROM: 256/512GB; LAYAR: 144Hz 6.78 INCI; BATERAI:  6500mAh; KAMERA:  50MP,7159000,,
P601,TECNO POVA7 4G 8/128GB,2699000,TECNO,img\produk\TECNO POVA7 4G.webp,CPU: Mediatek Helio G100 Ultimate; RAM: 8GB; ROM: 128/256GB; LAYAR: 120Hz 6.78 INCI; BATERAI:  7000mAh; KAMERA:  Depan 8MP  Belakang 108MP,,tidak dijual,
P602,TECNO POVA7 4G 8/256GB,2899000,TECNO,img\produk\TECNO POVA7 4G.webp,CPU: Mediatek Helio G100 Ultimate; RAM: 8GB; ROM: 128/256GB; LAYAR: 120Hz 6.78 INCI; BATERAI:  7000mAh; KAMERA:  Depan 8MP  Belakang 108MP,,tidak dijual,
P603,TECNO POVA7 5G 8/128GB,3899000,TECNO,img\produk\TECNO POVA7 5G.webp,CPU: Mediatek Dimensity 7300 Ultimate; RAM: 8GB; ROM: 128/256GB; LAYAR: 144Hz 6.78 INCI; BATERAI:  6000mAh; KAMERA:  Depan 13MP  Belakang 50MP,,tidak dijual,
P604,TECNO POVA7 5G 8/256GB,3999000,TECNO,img\produk\TECNO POVA7 5G.webp,CPU: Mediatek Dimensity 7300 Ultimate; RAM: 8GB; ROM: 128/256GB; LAYAR: 144Hz 6.78 INCI; BATERAI:  6000mAh; KAMERA:  Depan 13MP  Belakang 50MP,,tidak dijual,
P605,TECNO POVA7 CURVE 5G 8/256GB,3699000,TECNO,img\produk\TECNO POVA7 CURVE 5G.webp,CPU: Mediatek Dimensity 7300 Ultimate 5G; RAM: 8GB; ROM: 256GB; LAYAR: 144Hz 6.78 INCI; BATERAI:  5500mAh; KAMERA:  Depan 13MP  Belakang 64MP,,tidak dijual,
P606,TECNO POVA7 ULTRA 5G 12/256GB,5299000,TECNO,img\produk\TECNO POVA7 ULTRA 5G.webp,CPU: Mediatek Dimensity 8350 Ultimate ; RAM: 12GB; ROM: 256GB; LAYAR: AMOLED 144Hz 6.67 INCI; BATERAI:  6000mAh; KAMERA:  Depan 13MP  Belakang 108MP+ 8MP Dual Flash,,tidak dijual,
P607,TECNO POVA8 5G 6/128GB,4449000,TECNO,img\produk\TECNO POVA 8.webp,CPU: Mediatek Dimensity 7100 5G ; LAYAR: 144Hz 6.76 INCI; BATERAI:  8000mAh 45W; KAMERA:  50+13MP,4349000,,
P608,TECNO POVA8 5G 8/128GB,5149000,TECNO,img\produk\TECNO POVA 8.webp,CPU: Mediatek Dimensity 7100 5G ; LAYAR: 144Hz 6.76 INCI; BATERAI:  8000mAh 45W; KAMERA:  50+13MP,5049000,,
P609,TECNO POVA8 5G 8/256GB,5759000,TECNO,img\produk\TECNO POVA 8.webp,CPU: Mediatek Dimensity 7100 5G ; LAYAR: 144Hz 6.76 INCI; BATERAI:  8000mAh 45W; KAMERA:  50+13MP,5659000,,
P610,TECNO POVA8 5G PRO 8/256GB,6799000,TECNO,img\produk\POVA 8 PRO 5G.webp,CPU: Mediatek Dimensity 7400 ULTIMATE 5G ; LAYAR: 144Hz 6.78 INCI; BATERAI:  6500mAh 45W; KAMERA:  50+13MP,6459000,,
P611,TECNO MEGAPAD SE 4/128GB,2999000,TECNO,img\produk\TECNO MEGAPAD SE.jfif,,,,
P612,TECNO MEGAPAD SE 8/256GB,3399000,TECNO,img\produk\TECNO MEGAPAD SE.jfif,,,,
P613,TECNO MEGAPAD 11 8/128GB,2779000,TECNO,img\produk\TECNO MEGAPAD 11.webp,CPU: Mediatek MT8781 G99 ; RAM: 8GB; ROM: 128/256GB; LAYAR: 90Hz 11INCI; BATERAI:  8000mAh; ,,tidak dijual,
P614,TECNO MEGAPAD 11 8/256GB,2969000,TECNO,img\produk\TECNO MEGAPAD 11.webp,CPU: Mediatek MT8781 G99 ; RAM: 8GB; ROM: 128/256GB; LAYAR: 90Hz 11INCI; BATERAI:  8000mAh; ,,tidak dijual,
P615,TECNO MEGAPAD SE2 4/128GB,3259000,TECNO,img\produk\MEGAPAD SE2.webp,,,,
P616,TECNO MEGAPAD2 6/128GB,4459000,TECNO,img\produk\MEGAPAD 2.jfif,,,,
P617,TECNO MEGAPAD2 8/256GB,5059000,TECNO,img\produk\MEGAPAD 2.jfif,,,,
P618,TECNO TWS TRUE 1,599000,TECNO,img\produk\TECNO TRUE 1.webp,,529000,,
P619,TECNO WATCH NEO,599000,TECNO,img\produk\TECNO WATCH NEO.jpeg,,,,
P620,INFINIX SMART10 4/64GB,1349000,INFINIX,img\produk\INFINIX SMART 10.webp,CPU: Unisoc T7250 ; RAM: 4GB; ROM: 64/128GB; LAYAR: 6.67 INCI; BATERAI:  5000mAh; KAMERA: 8 MP,,tidak dijual,
P621,INFINIX SMART10 4/128GB,1449000,INFINIX,img\produk\SMART 10 1.webp,CPU: Unisoc T7250 ; RAM: 4GB; ROM: 64/128GB; LAYAR: 6.67 INCI; BATERAI:  5000mAh; KAMERA: 8 MP,,tidak dijual,
P622,INFINIX SMART20 4/64GB,1999000,INFINIX,img\produk\INFINIX SMART20.webp,CPU: Mediatek Helio G81 Ultimate ; RAM: 4GB; ROM: 64/128GB; LAYAR: 6.78 INCI; BATERAI:  5200mAh; KAMERA: 8 MP,,,
P623,INFINIX SMART20 4/128GB,2199000,INFINIX,img\produk\INFINIX SMART20.webp,CPU: Mediatek Helio G81 Ultimate ; RAM: 4GB; ROM: 64/128GB; LAYAR: 6.78 INCI; BATERAI:  5200mAh; KAMERA: 8 MP,,,
P624,INFINIX HOT 60i 8/256GB,2149000,INFINIX,img\produk\HOT 6I.webp,CPU: Mediatek Helio G81 Ultimate ; RAM: 8GB; ROM: 256GB; LAYAR: 6.7 INCI; BATERAI:  5160mAh; KAMERA: 50/8MP,,tidak dijual,
P625,INFINIX HOT 60 PRO 8/256GB,2549000,INFINIX,img\produk\HOT 60 PRO +.webp,CPU: Mediatek Helio G200 ; RAM: 8GB; ROM: 256GB; LAYAR: 6.7 INCI; BATERAI:  5160mAh; KAMERA: 50/13MP,,tidak dijual,
P626,INFINIX HOT 60 PRO+ 8/128GB,2899000,INFINIX,img\produk\HOT 60 PRO +.webp,CPU: Mediatek Helio G200 ; RAM: 8GB; ROM: 128/256GB; LAYAR: 6.78 INCI; BATERAI:  5160mAh; KAMERA: 50/13MP,,tidak dijual,
P627,INFINIX HOT 60 PRO+ 8/256GB,2999000,INFINIX,img\produk\HOT 60 PRO +.webp,CPU: Mediatek Helio G200 ; RAM: 8GB; ROM: 128/256GB; LAYAR: 6.78 INCI; BATERAI:  5160mAh; KAMERA: 50/13MP,,tidak dijual,
P628,INFINIX HOT 70 4/128GB,2729000,INFINIX,img\produk\infinix hot 70.webp,CPU: Mediatek Helio G100 ultimate; RAM: 4GB; ROM: 128GB; LAYAR: 6.78 INCI; BATERAI:  6000mAh; KAMERA: 50 MP,,,
P629,INFINIX HOT 70 6/128GB,3199000,INFINIX,img\produk\infinix hot 70.webp,CPU: Mediatek Helio G100 ultimate; RAM: 6/8GB; ROM: 128/256GB; LAYAR: 6.78 INCI; BATERAI:  6000mAh; KAMERA: 50 MP,,,
P630,INFINIX HOT 70 8/128GB,3339000,INFINIX,img\produk\infinix hot 70.webp,CPU: Mediatek Helio G100 ultimate; RAM: 6/8GB; ROM: 128/256GB; LAYAR: 6.78 INCI; BATERAI:  6000mAh; KAMERA: 50 MP,,,
P631,INFINIX HOT 70 6/256GB,3529000,INFINIX,img\produk\infinix hot 70.webp,CPU: Mediatek Helio G100 ultimate; RAM: 6/8GB; ROM: 128/256GB; LAYAR: 6.78 INCI; BATERAI:  6000mAh; KAMERA: 50 MP,,,
P632,INFINIX NOTE 50 8/256GB,2779000,INFINIX,img\produk\NOTE 50 INFINIX.webp,CPU: Mediatek Helio G100 Ultimate ; RAM: 8GB; ROM: 256GB; LAYAR: 6.78 INCI; BATERAI:  5200mAh; KAMERA: 50/13MP,,tidak dijual,
P633,INFINIX NOTE 50 PRO 4G 8/256GB,3299000,INFINIX,img\produk\NOTE 50 PRO.webp,CPU: Mediatek Helio G100 Ultimate ; RAM: 8GB; ROM: 256GB; LAYAR: 6.78 INCI; BATERAI:  5200mAh; KAMERA: 50/32MP,,tidak dijual,
P634,INFINIX NOTE 60 8/256GB,4859000,INFINIX,img\produk\INFINIX NOTE 60.webp,CPU: Mediatek Dimensity 7400 Ultimate 5G ; RAM: 8GB; ROM: 256GB; LAYAR: 6.78 INCI; BATERAI:  6500mAh; KAMERA: 50/13MP,,,
P635,INFINIX NOTE 60 PRO 8/256GB,5879000,INFINIX,img\produk\INFINIX NOTE 60 PRO.jpeg,CPU: Snapdragon 7s Gen 4 5G ; RAM: 8/12GB; ROM: 256GB; LAYAR: 6.78 INCI; BATERAI:  6500mAh; KAMERA: 50/13MP,5779000,,
P636,INFINIX NOTE 60 PRO 12/256GB,6839000,INFINIX,img\produk\INFINIX NOTE 60 PRO.jpeg,CPU: Snapdragon 7s Gen 4 5G ; RAM: 8/12GB; ROM: 256GB; LAYAR: 6.78 INCI; BATERAI:  6500mAh; KAMERA: 50/13MP,6739000,,
P637,INFINIX GT 30 8/256GB,3699000,INFINIX,img\produk\GT30.webp,CPU: Mediatek Dimensty 7400 ; RAM: 8GB; ROM: 256GB; LAYAR: 6.78 INCI; BATERAI:  5500mAh; KAMERA: 64/13MP,,tidak dijual,
P638,INFINIX GT 30 PRO 8/256GB,4299000,INFINIX,img\produk\GT30 PRO.webp,CPU: Mediatek Dimensty 8350 Ultimate ; RAM: 8/12GB; ROM: 256GB; LAYAR: 6.78 INCI; BATERAI:  5500mAh; KAMERA: 108/13MP,,tidak dijual,
P639,INFINIX GT 30 PRO 12/256GB,4949000,INFINIX,img\produk\GT30 PRO.webp,CPU: Mediatek Dimensty 8350 Ultimate ; RAM: 8/12GB; ROM: 256GB; LAYAR: 6.78 INCI; BATERAI:  5500mAh; KAMERA: 108/13MP,,tidak dijual,
P640,INFINIX GT 30 PRO 8/256GB GAMING SPESIAL EDITION,4299000,INFINIX,img\produk\GT30 PRO GAMING EDITION.webp,CPU: Mediatek Dimensty 8350 Ultimate ; RAM: 8/12GB; ROM: 256GB; LAYAR: 6.78 INCI; BATERAI:  5500mAh; KAMERA: 108/13MP,,tidak dijual,
P641,INFINIX GT 50 PRO 12/256GB,6789000,INFINIX,img\produk\INFINIX GT 50 PRO 256GB.webp,CPU: Mediatek Dimensty 8400 Ultimate ; RAM:12GB; ROM: 256/512GB; LAYAR: 6.78 INCI 144Hz; BATERAI:  6500mAh; KAMERA: 50 MP,6689000,,
P642,INFINIX GT 50 PRO 12/512GB,7759000,INFINIX,img\produk\INFINIX GT 50 PRO 512GB.webp,CPU: Mediatek Dimensty 8400 Ultimate ; RAM:12GB; ROM: 256/512GB; LAYAR: 6.78 INCI 144Hz; BATERAI:  6500mAh; KAMERA: 50 MP,7659000,,
P643,INFINIX XPAD 30E 4/128GB,2749000,INFINIX,img\produk\INFINIX XPAD 30E 4 128GB OTW.webp,,,,
P644,INFINIX TAB XPAD20 LTE 8/256GB,2799000,INFINIX,img\produk\LTE.webp,,,tidak dijual,
P645,INFINIX TAB XPAD20 PRO 8/256GB,4209000,INFINIX,img\produk\XPAD PRO.webp,,,,
P646,INFINIX TAB XPAD EDGE 8/256GB,4589000,INFINIX,img\produk\INFINIX TAB XPAD EDGE.webp,,,,
P647,INFINIX XPAD30 PRO 4/128GB,3489000,INFINIX,img\produk\INFINIX XPAD 30 PRO.jfif,,3439000,,
P648,INFINIX XPAD30 PRO 8/128GB,4559000,INFINIX,img\produk\INFINIX XPAD 30 PRO.jfif,,4509000,,
P649,SAMSUNG A07 4/64GB 4G,2599000,SAMSUNG,img\produk\A07.avif,,2499000,,
P650,SAMSUNG A07 4/128GB 4G,3199000,SAMSUNG,img\produk\A07.avif,,2999000,,
P651,SAMSUNG A07 6/128GB ,2199000,SAMSUNG,img\produk\A07.avif,,,tidak dijual,
P652,SAMSUNG A07 8/256GB,2599000,SAMSUNG,img\produk\A07 256GB HIJAU.avif,,,tidak dijual,
P653,SAMSUNG A07 5G 6/128GB,2799000,SAMSUNG,img\produk\A07 256GB HIJAU.avif,,,tidak dijual,
P654,SAMSUNG A17 128GB,3499000,SAMSUNG,img\produk\A17.avif,,3399000,tidak dijual,
P655,SAMSUNG A17 256GB,3999000,SAMSUNG,img\produk\A17.avif,,3899000,tidak dijual,
P656,SAMSUNG A17 5G 8/256GB,4499000,SAMSUNG,img\produk\A17 5G.avif,,,,
P657,SAMSUNG A26 5G 8/256GB,4999000,SAMSUNG,img\produk\A26.avif,,,,
P658,SAMSUNG A27 6/128GB,5599000,SAMSUNG,img\produk\SAMSUNG A27.png,,5399000,,
P659,SAMSUNG A27 8/256GB,6999000,SAMSUNG,img\produk\SAMSUNG A27.png,,6799000,,
P660,SAMSUNG A36 5G 8/256GB,5499000,SAMSUNG,img\produk\A36.avif,,,tidak dijual,
P661,SAMSUNG A37 5G 8/256GB,7999000,SAMSUNG,img\produk\SAMSUNG A37 5G.avif,,7799000,,
P662,SAMSUNG A56 5G 8/256GB,6799000,SAMSUNG,img\produk\A56.avif,,,tidak dijual,
P663,SAMSUNG A56 5G 12/256GB,7299000,SAMSUNG,img\produk\A56.avif,,,tidak dijual,
P664,SAMSUNG A57 5G 8/256GB,8999000,SAMSUNG,img\produk\SAMSUNG A57 5G 2.avif,,8799000,,
P665,SAMSUNG A57 5G 12/256GB,9299000,SAMSUNG,img\produk\SAMSUNG A57 5G 2.avif,,9099000,,
P666,SAMSUNG S25FE 256GB,12499000,SAMSUNG,img\produk\S25FE.avif,,,,
P667,SAMSUNG S25FE 512GB,14499000,SAMSUNG,img\produk\S25FE.avif,,,,
P668,SAMSUNG S25 256GB,13799000,SAMSUNG,img\produk\S25.jpg,,,tidak dijual,
P669,SAMSUNG S25 512GB,15799000,SAMSUNG,img\produk\S25.jpg,,,tidak dijual,
P670,SAMSUNG S25 ULTRA 256GB,22999000,SAMSUNG,img\produk\S25ULTRA.jpg,,22599000,tidak dijual,
P671,SAMSUNG S25 ULTRA 512GB,25999000,SAMSUNG,img\produk\S25ULTRA.jpg,,25599000,tidak dijual,
P672,SAMSUNG S26 12/256GB,16499000,SAMSUNG,img\produk\SAMSUNG S26 +.png,CPU: Exynos 2600 ; RAM: 12GB; ROM: 256/512GB; LAYAR: 6.3 INCI; BATERAI:  4300mAh; KAMERA: 50/12.0//10.0/12MP,16299000,,
P673,SAMSUNG S26 12/512GB,19499000,SAMSUNG,img\produk\SAMSUNG S26 +.png,CPU: Exynos 2600 ; RAM: 12GB; ROM: 256/512GB; LAYAR: 6.3 INCI; BATERAI:  4300mAh; KAMERA: 50/12.0//10.0/12MP,19299000,,
P674,SAMSUNG S26 PLUS 12/256GB,19499000,SAMSUNG,img\produk\SAMSUNG S26 +.png,CPU: Exynos 2600 ; RAM: 12GB; ROM: 256/512GB; LAYAR: 6.7 INCI; BATERAI:  4900mAh; KAMERA: 50/12.0//10.0/12MP,19299000,,
P675,SAMSUNG S26 PLUS 12/512GB,22499000,SAMSUNG,img\produk\SAMSUNG S26 +.png,CPU: Exynos 2600 ; RAM: 12GB; ROM: 256/512GB; LAYAR: 6.7 INCI; BATERAI:  4900mAh; KAMERA: 50/12.0//10.0/12MP,22299000,,
P676,SAMSUNG S26 ULTRA 12/256GB,24499000,SAMSUNG,img\produk\SAMSUNG S26 ULTRA.jpg,CPU: Snapdragon 8 Elite Gen 5 ; RAM: 12GB; ROM: 256/512GB; LAYAR: 6.9 INCI; BATERAI:  5000mAh; KAMERA: 200/50//50.0-10.0/12MP,24299000,,
P677,SAMSUNG S26 ULTRA 12/512GB,27499000,SAMSUNG,img\produk\SAMSUNG S26 ULTRA.jpg,CPU: Snapdragon 8 Elite Gen 5 ; RAM: 12GB; ROM: 256/512GB; LAYAR: 6.9 INCI; BATERAI:  5000mAh; KAMERA: 200/50//50.0-10.0/12MP,27299000,,
P678,SAMSUNG ZFLIP7 256GB,17999000,SAMSUNG,img\produk\ZFLIP7.png,,,tidak dijual,
P679,SAMSUNG ZFOLD7 256GB,28499000,SAMSUNG,img\produk\ZFOLD.png,,,tidak dijual,
P680,SAMSUNG ZFOLD7 512GB,30499000,SAMSUNG,img\produk\ZFOLD.png,,,tidak dijual,
P681,SAMSUNG TAB A11 WIFI 4/64GB,2999000,SAMSUNG,img\produk\TAB A11.webp,,,,
P682,SAMSUNG TAB A11 LTE 4/64GB,3499000,SAMSUNG,img\produk\TAB A11.webp,,,,
P683,SAMSUNG TAB A11 + WIFI 6/128GB BUNDLING BOOKCOVER,4499000,SAMSUNG,img\produk\TAB A11 1.webp,,,,
P684,SAMSUNG TAB A11 5G 6/128GB BUNDLING BOOKCOVER,4599000,SAMSUNG,img\produk\TAB A11 1.webp,,,,
P685,SAMSUNG TAB S10 LITE WIFI 6/128GB,6499000,SAMSUNG,img\produk\S10 TAB.avif,,,,
P686,SAMSUNG TAB S10 LITE 5G  6/128GB,7999000,SAMSUNG,img\produk\S10 TAB.avif,,,,
P687,SAMSUNG TAB S10 FE 5G  8/128GB,11499000,SAMSUNG,img\produk\SAMSUNG TAB S10 FE 5G.avif,,,,
P688,SAMSUNG TAB S11 5G 12/256GB BUNDLING KEYBOARD,21999000,SAMSUNG,img\produk\SAMSUNG Tab S11 5G 12 256.webp,,16499000,,
P689,SAMSUNG WATCH FE,3199000,SAMSUNG,img\produk\WATCH FE.avif,,,tidak dijual,
P690,SAMSUNG WATCH 8 40MM,5499000,SAMSUNG,img\produk\SAMSUNG WATCH 8 40MM.avif,,5399000,tidak dijual,
P691,SAMSUNG WATCH 8 44MM,5999000,SAMSUNG,img\produk\SAMSUNG WATCH 8 44MM.avif,,5899000,tidak dijual,
P692,SAMSUNG BUDS CORE,799000,SAMSUNG,img\produk\BUDS CORE.avif,,,,
P693,SAMSUNG GALAXY FIT3,899000,SAMSUNG,img\produk\FIT 3.avif,,,,
P694,SAMSUNG BUDS 4,2999000,SAMSUNG,img\produk\SAMSUNG BUDS 4.jpg,,,,
P695,SAMSUNG BUDS 4 PRO,3999000,SAMSUNG,img\produk\SAMSUNG BUDS 4.jpg,,,,
P696,ADAPTOR ORI 25W TANPA KABEL,349000,SAMSUNG,img\produk\ADAPTOR ORI 25W TANPA KABEL.avif,,,,
P697,ADAPTOR ORI 45W INCLUDE CABLE,549000,SAMSUNG,img\produk\ADAPTOR ORI 45W INCLUDE CABLE.avif,,,,
P698,ADAPTOR ORI 45W TANPA KABEL,449000,SAMSUNG,img\produk\ADAPTOR ORI 45W INCLUDE CABLE.avif,,,,
P699,ADAPTOR ORI 60W TANPA KABEL,649000,SAMSUNG,img\produk\ADAPTOR ORI 60W TANPA KABEL.avif,,,,
P700,ADAPTOR ORI 65W TANPA KABEL,749000,SAMSUNG,img\produk\ADAPTOR ORI 65W TANPA KABEL.avif,,,,
P701,REALME NOTE60X 4/64GB,1299000,REALME,img\produk\NOTE60X.jpg,CPU: Unisoc T612 ; RAM: 4GB; ROM: 64GB; LAYAR: 90HZ 6.74 INCI; BATERAI:  5000mAh; KAMERA: 8/5MP,,tidak dijual,
P702,REALME NOTE 70 4/64GB,1499000,REALME,img\produk\REALME NOTE70.png,CPU: Unisoc T7250 ; RAM: 4GB; ROM: 64/128GB; LAYAR: 90HZ 6.74 INCI; BATERAI:  6300mAh; KAMERA: 13/5MP,,tidak dijual,
P703,REALME NOTE 70 4/128GB,1599000,REALME,img\produk\REALME NOTE70.png,CPU: Unisoc T7250 ; RAM: 4GB; ROM: 64/128GB; LAYAR: 90HZ 6.74 INCI; BATERAI:  6300mAh; KAMERA: 13/5MP,,tidak dijual,
P704,REALME NOTE 80 4/64GB,2099000,REALME,img\produk\REALME NOTE80.webp,CPU: Unisoc T7250 ; RAM: 4GB; ROM: 64/128GB; LAYAR: 120HZ 6.74 INCI; BATERAI:  6300mAh; KAMERA: 8/5MP,,,
P705,REALME NOTE 80 4/128GB,2399000,REALME,img\produk\REALME NOTE80.webp,CPU: Unisoc T7250 ; RAM: 4GB; ROM: 64/128GB; LAYAR: 120HZ 6.74 INCI; BATERAI:  6300mAh; KAMERA: 8/5MP,,,
P706,REALME C71 4/128GB,1899000,REALME,img\produk\REALMEC71.jpg,CPU: Unisoc T7250 ; RAM: 4/6/8GB; ROM: 128GB; LAYAR: 120HZ 6.67 INCI; BATERAI:  6300mAh; KAMERA: 50MP,,tidak dijual,
P707,REALME C71 6/128GB,2099000,REALME,img\produk\REALMEC71.jpg,CPU: Unisoc T7250 ; RAM: 4/6/8GB; ROM: 128GB; LAYAR: 120HZ 6.67 INCI; BATERAI:  6300mAh; KAMERA: 50MP,,tidak dijual,
P708,REALME C71 8/128GB,2399000,REALME,img\produk\REALMEC71.jpg,CPU: Unisoc T7250 ; RAM: 4/6/8GB; ROM: 128GB; LAYAR: 120HZ 6.67 INCI; BATERAI:  6300mAh; KAMERA: 50MP,,tidak dijual,
P709,REALME C85 4G 6/128GB,3299000,REALME,img\produk\REALME C85.jpg,CPU: Qualcomm Snapdragon 685 ; RAM: 6/8GB; ROM: 128/256GB; LAYAR: 120HZ 6.8 INCI; BATERAI:  7000mAh; KAMERA: 50MP,,tidak dijual,
P710,REALME C85 4G 8/128GB,3399000,REALME,img\produk\REALME C85.jpg,CPU: Qualcomm Snapdragon 685 ; RAM: 6/8GB; ROM: 128/256GB; LAYAR: 120HZ 6.8 INCI; BATERAI:  7000mAh; KAMERA: 50MP,,tidak dijual,
P711,REALME C85 4G 8/256GB,3899000,REALME,img\produk\REALME C85.jpg,CPU: Qualcomm Snapdragon 685 ; RAM: 6/8GB; ROM: 128/256GB; LAYAR: 120HZ 6.8 INCI; BATERAI:  7000mAh; KAMERA: 50MP,,tidak dijual,
P712,REALME C85 5G 8/256GB,3599000,REALME,img\produk\REALME C85.jpg,CPU: Mediatek Dimensity 6300 ; RAM: 8GB; ROM: 256GB; LAYAR: 120HZ 6.8 INCI; BATERAI:  7000mAh; KAMERA: 50MP,,tidak dijual,
P713,REALME C85 PRO 8/128GB,3999000,REALME,img\produk\REALME C85 PRO.jpg,CPU: Qualcomm Snapdragon 685 ; RAM: 8GB; ROM: 128/256GB; LAYAR: 120HZ 6.8 INCI; BATERAI:  7000mAh; KAMERA: 50MP,3949000,,
P714,REALME C85 PRO 8/256GB,4399000,REALME,img\produk\REALME C85 PRO.jpg,CPU: Qualcomm Snapdragon 685 ; RAM: 8GB; ROM: 128/256GB; LAYAR: 120HZ 6.8 INCI; BATERAI:  7000mAh; KAMERA: 50MP,4299000,tidak dijual,
P715,REALME C100i 4/128GB,2699000,REALME,img\produk\REALME C100i.jpg,CPU: Unisoc T7250 ; RAM: 4GB; ROM: 128/256GB; LAYAR: 120HZ 6.8 INCI; BATERAI:  7000mAh; KAMERA: 8+5MP,2649000,,
P716,REALME C100i 4/256GB,2899000,REALME,img\produk\REALME C100i.jpg,CPU: Unisoc T7250 ; RAM: 4GB; ROM: 128/256GB; LAYAR: 120HZ 6.8 INCI; BATERAI:  7000mAh; KAMERA: 8+5MP,2859000,,
P717,REALME C100i 6/128GB,2999000,REALME,img\produk\REALME C100i.jpg,CPU: Unisoc T7250 ; RAM: 6GB; ROM: 128GB; LAYAR: 120HZ 6.8 INCI; BATERAI:  7000mAh; KAMERA: 8+5MP,2949000,,
P718,REALME C100 6/128GB,3649000,REALME,img\produk\REALME C100.jpg,CPU: Mediatek Helio G92 Max ; RAM: 6GB; ROM: 128GB; LAYAR: 120HZ 6.8 INCI; BATERAI:  8000mAh; KAMERA: 50MP,,,
P719,REALME C100 8/256GB,4399000,REALME,img\produk\REALME C100P.jpg,CPU: Mediatek Helio G92 Max ; RAM: 8GB; ROM: 256GB; LAYAR: 120HZ 6.8 INCI; BATERAI:  8000mAh; KAMERA: 50MP,4299000,,
P720,REALME C100X 6/128GB,3399000,REALME,img\produk\REALME C100X.jpg,CPU: Unisoc T7250 ; RAM: 6GB; ROM: 128/256GB; LAYAR: 120HZ 6.8 INCI; BATERAI: 8000mAh; KAMERA: 50+5MP,3349000,,
P721,REALME C100X 6/256GB,3799000,REALME,img\produk\REALME C100X B.jpg,CPU: Unisoc T7250 ; RAM: 6GB; ROM: 128/256GB; LAYAR: 120HZ 6.8 INCI; BATERAI: 8000mAh; KAMERA: 50+5MP,3749000,,
P722,REALME R15T 8/128GB,3499000,REALME,img\produk\REALME R15T.jpg,,,tidak dijual,
P723,REALME R15T 8/256GB,3799000,REALME,img\produk\REALME R15T.jpg,,,tidak dijual,
P724,REALME R15 5G 8/256GB,4699000,REALME,img\produk\REALME R15 5G.png,,,tidak dijual,
P725,REALME R15 5G 12/256GB,4999000,REALME,img\produk\REALME R15 5G.png,,,tidak dijual,
P726,REALME R15 PRO 5G 12/256GB,6599000,REALME,img\produk\REALME R15 PRO 5G.png,,,tidak dijual,
P727,REALME R15 PRO 5G 12/512GB,6999000,REALME,img\produk\REALME R15 PRO 5G.png,,,tidak dijual,
P728,REALME R16 5G 8/256GB,5999000,REALME,img\produk\REALME R16.jpg,CPU: Mediatek Dimensity 6400 Turbo ; RAM: 8/12GB; ROM: 256GB; LAYAR: 120HZ 6.57 INCI; BATERAI:  6830mAh; KAMERA: 50MP,5799000,,
P729,REALME R16 5G 12/256GB,5999000,REALME,img\produk\REALME R16.jpg,CPU: Mediatek Dimensity 6400 Turbo ; RAM: 8/12GB; ROM: 256GB; LAYAR: 120HZ 6.57 INCI; BATERAI:  6830mAh; KAMERA: 50MP,5899000,tidak dijual,
P730,REALME R16 5G PRO 12/256GB,6999000,REALME,img\produk\REALME R16 PRO.png,CPU: Mediatek Dimensity 7350 Max 5G ; RAM: 12GB; ROM: 256GB; LAYAR: 120HZ 6.78 INCI; BATERAI:  6830mAh; KAMERA: 50MP,6899000,tidak dijual,
P731,REALME GT 7T,6499000,REALME,img\produk\REALME GT 7T.png,CPU: Flagship Dimensity 8400 MAX ; RAM: 12GB; ROM: 256GB; LAYAR: 120HZ 6.8 INCI; BATERAI:  7000mAh; KAMERA: 50MP,,tidak dijual,
P732,REALME GT7 ,7999000,REALME,img\produk\REALME GT7.png,CPU: Flagship Dimensity 9400e ; RAM: 12GB; ROM: 256GB; LAYAR: 120HZ 6.78 INCI; BATERAI:  7000mAh; KAMERA: 50MP,,tidak dijual,
P733,SONY PLAYSTATION PS5 SLIM DISC VERSION 1TB,11599000,SONY PLAYSTATION,img\produk\PLAY.webp,,,,
P734,SONY PLAYSTATION PS5 SLIM +NBA2K26,10399000,SONY PLAYSTATION,img\produk\BUNDLE BUNDLE.webp,,,tidak dijual,
P735,SONY PLAYSTATION PS5 SLIM DIGITAL VERSION 825GB,9999000,SONY PLAYSTATION,img\produk\DIGITAL VERSION.webp,,,,
P736,SONY PLAYSTATION STIK PS5 ,1499000,SONY PLAYSTATION,img\produk\STIK.webp,NOTE: BLACK; WHITE;GREY,,,
P737,SONY PLAYSTATION STIK PS5,1699000,SONY PLAYSTATION,img\produk\STIK.webp,NOTE: RED; GREEN;BLUE,,,
P738,IPOS 5 STANDAR VERSI SERIAL,550000,IPOS,img\produk\IPOS STANDAR.jpeg,"VERSI SERIAL HANYA BERLAKU 2X
JIKA PC SERVER RUSAK SETELAH INSTAL 2X MAKA PERLU BELI SERIAL ULANG DENGAN HARGA 550.000",,tidak dijual,
P739,IPOS 5 PROFESIONAL VERSI SERIAL,850000,IPOS,img\produk\IPOS 5 PRO SERIAL.jpeg,"VERSI SERIAL HANYA BERLAKU 2X
 JIKA PC SERVER RUSAK SETELAH INSTAL 2X MAKA PERLU BELI SERIAL ULANG DENGAN HARGA 850.000",,tidak dijual,
P740,IPOS 5 PROFESIONAL VERSI DONGLE,2800000,IPOS,img\produk\IPOS PRO DONGLE.jpeg,VERSI DONGLE SEMASA MASIH BERLAKU GARANSI 1 TAHUN RUSAK AKAN DIGANTI YANG BARU  JIKA LEWAT MAKA BELI ULANG DENGAN HARGA BARU,,tidak dijual,
P741,IPOS 5 ULTIMATE VERSI DONGLE,3350000,IPOS,img\produk\IPOS 5 ULTIMATE.jpeg,VERSI DONGLE SEMASA MASIH BERLAKU GARANSI 1 TAHUN RUSAK AKAN DIGANTI YANG BARU  JIKA LEWAT MAKA BELI ULANG DENGAN HARGA BARU,,tidak dijual,
P742,IPOS APOTIK & KLINIK,600000,IPOS,img\produk\APOTIK KLINIK.jpeg,,,,
P743,PERPANJANG UPDATE  IPOS 5 STANDARD (OPSIONAL),300000,IPOS,img\produk\PERPANJANG.jpeg,OPSIONAL JIKA PERLU UPDATE FITUR TERBARU SETELAH 1 TAHUN,,,
P744,PERPANJANG UPDATE  IPOS 5 PROFESIONAL (OPSIONAL),450000,IPOS,img\produk\PERPANJANG.jpeg,OPSIONAL JIKA PERLU UPDATE FITUR TERBARU SETELAH 1 TAHUN,,,
P745,PERPANJANG UPDATE  IPOS 5 PROFESIONAL DONGLE (OPSIONAL),900000,IPOS,img\produk\PERPANJANG.jpeg,OPSIONAL JIKA PERLU UPDATE FITUR TERBARU SETELAH 1 TAHUN,,,
P746,PERPANJANG UPDATE  IPOS 5 ULTIMATE (OPSIONAL),1000000,IPOS,img\produk\PERPANJANG.jpeg,OPSIONAL JIKA PERLU UPDATE FITUR TERBARU SETELAH 1 TAHUN,,,
P747,CANON PIXMA E 470,930000,PRINTER CANON,img\produk\CANON PIXMA E470.png,PRINT/SCAN/COPY A4,,,
P748,CANON G1730 HANYA PRINT ONLY,1639000,PRINTER CANON,img\produk\CANON G1730.png,PRINT ,,,
P749,CANON G4770,3859000,PRINTER CANON,img\produk\CANON G4770.webp,PRINT/SCAN/COPY/WIFI/ADF/FAX,,,
P750,EPSON L121 HANYA PRINT ONLY,1629000,PRINTER EPSON,img\produk\EPSON L121.jfif,PRINT,,,
P751,EPSON L1210 HANYA PRINT ONLY,2279000,PRINTER EPSON,img\produk\EPSON L1210.jfif,PRINT,,,
P752,EPSON L3211,2365000,PRINTER EPSON,img\produk\EPSON L3211.jfif,PRINT/SCAN/COPY/ A4,,,
P753,EPSON L3250 WIFI,2799000,PRINTER EPSON,img\produk\EPSON L3250.jpg,PRINT/SCAN/COPY/WIFI A4,,,
P754,EPSON L5290,4059000,PRINTER EPSON,img\produk\EPSON L5290.jpg,PRINT/SCAN/COPY/WIFI A4,,,
P755,EPSON L6270,5069000,PRINTER EPSON,img\produk\EPSON L6270.jpg,PRINT/SCAN/COPY/WIFI F4,,,
P756,PSU JARING 10A,126000,POWER SUPPLY CCTV,img\produk\PSU CCTV.jpg,,,,
P757,PSU JARING 20A,216000,POWER SUPPLY CCTV,img\produk\PSU CCTV.jpg,,,,
P758,PSU DAHUA 4 PORT,185000,POWER SUPPLY CCTV,img\produk\PSU DAHUA CCTV.jfif,,,,
P759,PSU DAHUA 8 PORT,226000,POWER SUPPLY CCTV,img\produk\PSU DAHUA CCTV.jfif,,,,
P760,PSU HIKVISION 4 PORT,230000,POWER SUPPLY CCTV,img\produk\PSU HIKVISION CCTV.jfif,,,,
P761,PSU HIKVISION 8 PORT,270000,POWER SUPPLY CCTV,img\produk\PSU HIKVISION CCTV.jfif,,,,
P762,BATERAI UPS YUASA 12V 7Ah ,380000,YUASA,img\produk\BATETERAI UPS YUASA.jpg,,,,
P763,BATERAI UPS YUASA 12V 9Ah ,668000,YUASA,img\produk\BATERAI UPS YUASA 9 12.webp,,,,
P764,KABEL FIBER OPTIK 50 METER PRECONT+PATCHORD,95000,KABEL FIBER OPTIK,img\produk\KABEL FO.webp,,,,
P765,KABEL FIBER OPTIK 80 METER PRECONT+PATCHORD,128000,KABEL FIBER OPTIK,img\produk\KABEL FO.webp,,,,
P766,KABEL FIBER OPTIK 100 METER PRECONT+PATCHORD,138500,KABEL FIBER OPTIK,img\produk\KABEL FO.webp,,,,
P767,KABEL FIBER OPTIK 150 METER PRECONT+PATCHORD,175000,KABEL FIBER OPTIK,img\produk\KABEL FO.webp,,,,
P768,KABEL FIBER OPTIK 200 METER PRECONT+PATCHORD,235000,KABEL FIBER OPTIK,img\produk\KABEL FO.webp,,,,
P769,KABEL FIBER OPTIK 250 METER PRECONT+PATCHORD,285000,KABEL FIBER OPTIK,img\produk\KABEL FO.webp,,,,
P770,KABEL FIBER OPTIK 300 METER PRECONT+PATCHORD,345000,KABEL FIBER OPTIK,img\produk\KABEL FO.webp,,,,
P771,KABEL FIBER OPTIK 350 METER PRECONT+PATCHORD,395000,KABEL FIBER OPTIK,img\produk\KABEL FO.webp,,,,
P772,INDOSAT KARTU 4G HOME MODEM WIFI ROUTER HKM 0127+,635000,INDOSAT ROUTER,img\produk\INDOSAT.webp,,,,
P773,MERCUSYS MB110-4G 300Mbps,635000,MERCUSYS,img\produk\MERCUSYS MB110.jpg,,,,
P774,KABEL COAXIAL SCHNELL R6,945000,KABEL COAXIAL CCTV,img\produk\KABEL COAXIAL RG6.jpg,,,,
P775,KABEL COAXIAL PROVIEW 300M  R6,1235000,KABEL COAXIAL CCTV,img\produk\KABEL COAXIAL PROVIEW.png,,,,
P776,PAKET FAMILI 1,3880000,PAKET INCLUDE INSTALASI,img\produk\PAKET FAMILI 1.jpg,,,,
P777,PAKET FAMILI 2,3528000,PAKET INCLUDE INSTALASI,img\produk\PAKET FAMILI 2.jpg,,,,
P778,PAKET FAMILI 3,5268000,PAKET INCLUDE INSTALASI,img\produk\PAKET FAMILI 3.jpg,,,,
P779,PAKET FAMILI 4,4826000,PAKET INCLUDE INSTALASI,img\produk\PAKET FAMILI 4.jpg,,,,
P780,PAKET FAMILI 5,4100000,PAKET INCLUDE INSTALASI,img\produk\PAKET FAMILI 5.png,,,,
P781,PAKET FAMILI 6,3655000,PAKET INCLUDE INSTALASI,img\produk\PAKET FAMILI 6.png,,,,
P782,PAKET SIAP ONLINE 1,4515000,PAKET INCLUDE INSTALASI,img\produk\PAKET SIAP ONLINE 1.jpg,,,,
P783,PAKET SIAP ONLINE 2,4165000,PAKET INCLUDE INSTALASI,img\produk\PAKET SIAP ONLINE 2.jpg,,,,
P784,PAKET SIAP ONLINE 3,5905000,PAKET INCLUDE INSTALASI,img\produk\PAKE SIAP ONLINE 3.jpg,,,,
P785,PAKET SIAP ONLINE 4,5465000,PAKET INCLUDE INSTALASI,img\produk\PAKET SIAP ONLINE 4.jpg,,,,
P786,MONITOR LG IPS 19M38L,1300000,LG,img\produk\LG IPS 19M38L.avif,Fitur Utama      Red/Green Color Weakness    Smart Energy Saving   Eye Comforts    Multitasking & Easy To Use,,,
P787,MONITOR LG  IPS 22U401A-B 21.5'',1360000,LG,img\produk\MONITOR LG  IPS 22U401A-B 21.5''.avif,Fitur Utama      Full HD    100Hz refresh rate     1ms Motion Blur Reduction     HDR 10 / sRGB 99% (Typ.)      Ergonomic design with -5 to 20C tilt      Dynamic Action Sync / Black Stabilizer,,,
P788,MONITOR LG  IPS 24U411A-B 24'',1430000,LG,img\produk\MONITOR LG  IPS 24U411A-B 24''.avif,"Fitur Utama      Full HD      120Hz refresh rate, 1ms Motion Blur Reduction    4-side virtually borderless design     HDR 10 / sRGB 99% (Typ.)       Ergonomic design with -5 to 20 tilt    Dynamic Action Sync / Black Stabilizer",,,
P789,MONITOR LG  IPS 27U411A-B 27'',1800000,LG,img\produk\MONITOR LG  IPS 27U411A-B 27''.avif,"Fitur Utama      Full HD      120Hz refresh rate, 1ms Motion Blur Reduction        4-side virtually borderless design     HDR 10 / sRGB 99% (Typ.)     Ergonomic design with -5 to 20 tilt     Dynamic Action Sync / Black Stabilizer",,,
P790,MONITOR LG  VA LED 24GS50F 24'' GAMING,1890000,LG,img\produk\MONITOR LG  VA LED 24GS50F 24'' GAMING.avif,Fitur Utama      24-inch FHD (1920x1080) display      180Hz refresh rate     HDR 10      3-side virtually borderless design       1ms MBR     AMD FreeSync,,,
P791,MONITOR LG  VA LED 27GS50F 27'' GAMING,2339000,LG,img\produk\MONITOR LG  VA LED 27GS50F 27'' GAMING.avif,Fitur Utama      27-inch FHD (1920x1080) display      180Hz refresh rate       HDR 10       3-side virtually borderless design       1ms MBR      AMD FreeSync,,,
P792,MONITOR LG  IPS 24GS60F 24'' ULTRA GEAR GAMING,2200000,LG,img\produk\MONITOR LG  IPS 24GS60F 24'' ULTRA GEAR GAMING.avif,"Fitur Utama     23.8-inch Full HD (1920 X 1080) Display     IPS 1ms (GtG)       180Hz Refresh Rate
HDR10 / sRGB 99% (Typ.)      3-Side Virtually Borderless Design    NVIDIA® G-SYNC® Compatible / AMD FreeSync™",,,
P793,MONITOR LG  IPS 27GS60F 27'' ULTRA GEAR GAMING,2499000,LG,img\produk\MONITOR LG  IPS 27GS60F 27'' ULTRA GEAR GAMING.avif,"Fitur Utama     27-inch Full HD (1920 X 1080) Display      IPS 1ms (GtG)     180Hz Refresh Rate
HDR10 / sRGB 99% (Typ.)      3-Side Virtually Borderless Design   NVIDIA® G-SYNC® Compatible / AMD FreeSync™",,,
P794,MONITOR LG  IPS 29U511 29'' ULTRA WIDE,2689000,LG,img\produk\MONITOR LG  IPS 29U511 29'' ULTRA WIDE.avif,"Fitur Utama      29-inch 21:9 WFHD (2560x1080) IPS Display        3-Side Virtually Borderless Design
sRGB 99% (Typ.)  Color Calibrated in factory       250nits (Typ.) Brightness / HDR 10
100Hz Refresh Rate, 1ms MBR   Black Stabilizer, DAS, Game Mode, Crosshair",,,
P795,MONITOR LG  IPS LED 27GS75Q 27'' QHD,3289000,LG,img\produk\MONITOR LG  IPS LED 27GS75Q 27'' QHD.avif,"Fitur Utama      27-inch QHD (2560x1440) IPS display       180Hz (O/C 200Hz) refresh rate      IPS 1ms (GtG) response time     HDR10 / sRGB 99% (Typ.)    3-side virtually borderless design      NVIDIA G-SYNC® Compatible, AMD FreeSync",,,
P796,MONITOR LG  IPS LED 27US500 27'' 4K,3860000,LG,img\produk\MONITOR LG  IPS LED 27US500 27'' 4K.avif,"Fitur Utama      Monitor IPS de 27"" com resolução UHD 4K (3840x2160 pixéis)     90% de reprodução de cor DCI-P3      300 nits de brilho     Compatível com conteúdos HDR10     Design de ecrã com 3 margens praticamente invisíveis",,,
P797,MONITOR LG  LED 17BR30T 17'' TOUCHSCREEN,3299000,LG,img\produk\MONITOR LG  LED 17BR30T 17'' TOUCHSCREEN.avif,"Fitur Utama      17” 5:4 SXGA (1280x1024) TN display     Built-in power      Smart Energy Saving
Tilt adjustable stand     5ms response time",,,
P798,MONITOR LG  IPS 24U421A-B 24'' CURVED*NEW,1620000,LG,img\produk\MONITOR LG  IPS 24U421A-B 24'' CURVED NEW.jpg,Fitur Utama      23.8” FHD curved display (1500R)     sRGB 99% (Typ.) / 100Hz refresh rate     USB-C (PD 15W)      Reader Mode & Flicker Safe      Tilt adjustable stand     LG Switch app,,,
P799,MONITOR LG  IPS 27U421A-B 27'' CURVED*NEW,1920000,LG,img\produk\MONITOR LG  IPS 27U421A-B 27'' CURVED NEW.avif,Fitur Utama      27” FHD curved display (1500R)        sRGB 99% (Typ.) / 100Hz refresh rate     USB-C (PD 15W)     Reader Mode & Flicker Safe      Tilt adjustable stand     LG Switch app,,,
P800,IPHONE 13 128GB (SOLD OUT),0,APPLE,img\produk\IPHONE 13.webp,,,tidak dijual,
P801,IPHONE 14 128GB,8749000,APPLE,img\produk\IPHONE 14.webp,,,tidak dijual,
P802,IPHONE 15 128GB,12649000,APPLE,img\produk\IPHONE 15 128GB.webp,,,\,
P803,IPHONE 15 256GB,14999000,APPLE,img\produk\IPHONE 15 128GB.webp,,,tidak dijual,
P804,IPHONE 16 128GB,15299000,APPLE,img\produk\IPHONE 16.webp,,,,
P805,IPHONE 16 PRO 128GB,17499000,APPLE,img\produk\IPHONE 16 PRO 256.webp,,17399000,tidak dijual,
P806,IPHONE 16 PRO 256GB,19999000,APPLE,img\produk\IPHONE 16 PRO 256.webp,,19899000,tidak dijual,
P807,IPHONE 16 PROMAX 256GB,20499000,APPLE,img\produk\IPHONE 16 PROMAX 256GB.webp,,21299000,tidak dijual,
P808,IPHONE 16 PROMAX 512GB,23999000,APPLE,img\produk\IPHONE 16 PROMAX 512GB.webp,,25399000,tidak dijual,
P809,IPHONE 17 256GB,17799000,APPLE,img\produk\IPHONE 17 256GB.webp,,,,
P810,IPHONE 17 AIR 256GB,17999000,APPLE,img\produk\IPHONE 17 AIR 256GB.webp,,17899000,tidak dijual,
P811,IPHONE 17 PRO 256GB ,22999000,APPLE,img\produk\IPHONE 17 PRO 256GB BLUE   ORANGE.webp,,,,
P812,IPHONE 17 PRO 512GB ,27499000,APPLE,img\produk\IPHONE 17 PRO 256GB BLUE   ORANGE.webp,,,,
P813,IPHONE 17 PRO 256GB SILVER,23749000,APPLE,img\produk\IPHONE 17 PRO 256GB SILVER.webp,,,,
P814,IPHONE 17 PROMAX 256GB,24999000,APPLE,img\produk\IPHONE 17 PROMAX 256GB.webp,,,,
P815,IPHONE 17 PROMAX 512 ,29499000,APPLE,img\produk\IPHONE 17 PROMAX 512.webp,,,,
P816,IPHONE 17 PROMAX 1TB,34249000,APPLE,img\produk\IPHONE 17 PROMAX SILVER.webp,,,,
P817,ADAPTER ORI 20W,499000,APPLE,img\produk\ADAPTER ORI 20W.webp,,,,
P818,WATCH SE3 44MM,5149000,APPLE,img\produk\WATCH SE3 44MM.webp,,,tidak dijual,
P819,WATCH SE3 40MM,4549000,APPLE,img\produk\WATCH SE3 40MM.webp,,,tidak dijual,
P820,WATCH S10 46MM,4999000,APPLE,img\produk\WATCH S10 46MM.webp,,,tidak dijual,
P821,WATCH S10 42MM,4499000,APPLE,img\produk\WATCH S10 42MM.webp,,,tidak dijual,
P822,WATCH S11 46MM,7649000,APPLE,img\produk\WATCH S11 46MM.webp,,,tidak dijual,
P823,WATCH S11 42MM,7049000,APPLE,img\produk\WATCH S11 42MM.webp,,,tidak dijual,
P824,IPAD 11 WIFI 128GB,8999000,APPLE,img\produk\IPAD 11 WIFI 128GB.webp,,,,
P825,IPAD 11 WIFI 256GB,10799000,APPLE,img\produk\IPAD 11 WIFI 128GB.webp,,,,
P826,APPLE PENCIL USB -C,1849000,APPLE,img\produk\APPLE PENCIL USB -C.webp,,,tidak dijual,
P827,MACBOOK AIR 2023 15.3 INCHI M2 8/256GB,17999000,APPLE,img\produk\MACBOOK AIR 2023 15.3 INCHI M2 8 256GB.png,,,tidak dijual,
P828,MACBOOK AIR 2025 13 INCHI M4 16/256GB,16999000,APPLE,img\produk\MACBOOK AIR 2025 13 INCHI M4 16 512GB.webp,,,tidak dijual,
P829,MACBOOK AIR 2025 13 INCHI M4 16/512GB,19499000,APPLE,img\produk\MACBOOK AIR 2025 13 INCHI M4 16 256GB.webp,,,tidak dijual,
P830,MACBOOK AIR 2025 13 INCHI M4 24/512GB,23999000,APPLE,img\produk\MACBOOK AIR 2025 13 INCHI M4 24 512GB.webp,,,tidak dijual,
P831,MACBOOK AIR NEO 8/256GB,12999000,APPLE,img\produk\MACBOOK AIR NEO.webp,,,,
P832,MACBOOK AIR NEO 8/512GB,15249000,APPLE,img\produk\MACBOOK AIR NEO.webp,,,,
P833,MACBOOK AIR M5 16/512GB,24999000,APPLE,img\produk\MACBOOK AIR M5.webp,,,,
P834,MACBOOK AIR M5 16/1TB,31249000,APPLE,img\produk\MACBOOK AIR M5.webp,,,,
P835,MACBOOK PRO M5 16/1TB,38499000,APPLE,img\produk\MACBOOK PRO M5.webp,,,,
P836,MACBOOK PRO M5 24/1TB,42999000,APPLE,img\produk\MACBOOK PRO M5.webp,,,,
P837,TINTA EPSON 003 (harga per botol),98000,TINTA PRINTER EPSON,img\produk\tinta epson 003.jpg,,,,
P838,TINTA EPSON 664 (harga per botol),98000,TINTA PRINTER EPSON,img\produk\tinta epson 664.jfif,,,,
P839,ASUS A3202WBAK-BPB1820W BLACK,6249000,PC AIO ASUS,img\produk\A3202WBAK-BPB1820W BLACK.jpg,CPU: CELERON -7305; RAM: DDR4 8GB; SSD: 256GB ; DISPLAY: 21.5INCI; OS: Win11 Home; NOTE: Wifi 6 & USB KB & Mouse NON OHS,,,
P840,ASUS P440VAK-B3851WS BLACK,9799000,PC AIO ASUS,img\produk\P440VAK-B3851WS BLACK.jpg,CPU: CORE I3-1315U; RAM: 8GB; SSD: 512GB; OS: W11+OHS; DISPLAY: 23.8INCI FHD,,,
P841,ASUS P440VAK-W3851WS WHITE,9799000,PC AIO ASUS,img\produk\P440VAK-W3851WS WHITE.jfif,CPU: CORE I3-1315U; RAM: 8GB; SSD: 512GB; OS: W11+OHS; DISPLAY: 23.8INCI FHD,,,
P842,ASUS P440VAK-B5851WS BLACK,11479000,PC AIO ASUS,img\produk\P440VAK-W3851WS WHITE.jfif,CPU: CORE I5-13420H; RAM: 8GB; SSD: 512GB; OS: W11+OHS; DISPLAY: 23.8INCI FHD,,,
P843,ASUS V440VAK-I5U7W5W-HM WHITE,12499000,PC AIO ASUS,img\produk\V440VAK-I5U7W5W-HM WHITE.jpg,CPU: CORE I5-13420H; RAM: 16GB; SSD: 1TB; DISPLAY: 23.8 INCI FHD; OS: WIN11 + OHM 2024 + M365,,,
P844,ASUS P440VAK-W7151WS WHITE,14899000,PC AIO ASUS,img\produk\V440VAK-I5U7W5W-HM WHITE.jpg,CPU: CORE I7-13620H; RAM: 16GB; SSD: 512GB; OS: W11+OHS; DISPLAY: 23.8INCI FHD,,,
P845,ASUS V440VAK-I7U7W5W-HM WHITE,15799000,PC AIO ASUS,img\produk\V440VAK-I5U7W5W-HM WHITE.jpg,CPU: CORE I7-13620H; RAM: 16GB; SSD: 1TB SSD; DISPLAY: 23.8INCI FHD; OS: WIN11 + OHS,,,
P846,SPEAKER HARMAN KARDON AURA STUDIO 4 BLKAS ,4999000,SPEAKER HARMAN KARDON,img\produk\HARMAN KARDON AURA STUDIO 4 BLKAS.jpg,,,,
P847,SPEAKER HARMAN KARDON SOUND STICK 4 WHITE,4349000,SPEAKER HARMAN KARDON,img\produk\HARMAN KARDON SOUND STICK 4 WHIT.jpg,,,,
P848,DVR HILOOK 1080P 4 CHANNEL DVR-204G-M1-T,665000,CCTV HILOOK,img\produk\DVR HILOOK 4 CHANNEL DVR-204G-M1-T.png,,,,
P849,DVR HILOOK 1080P 8 CHANNEL DVR-208G-M1-T,868000,CCTV HILOOK,img\produk\DVR HILOOK 8 CHANNEL DVR-208G-M1-T 1080P.png,,,,
P850,DVR HILOOK 1080P 16 CHANNEL DVR-216G-M1-T,1398000,CCTV HILOOK,img\produk\DVR HILOOK 16 CHANNEL DVR-216G-M1-T.png,,,,
P851,HILOOK 2MP CAMERA BULLET AUDIO THC-B120-PS,336000,CCTV HILOOK,img\produk\HILOOK 2MP CAMERA BULLET AUDIO THC-B120-PS.png,,,,
P852,HILOOK 2MP CAMERA BULLET THC-B120-PC,236000,CCTV HILOOK,img\produk\HILOOK 2MP CAMERA BULLET THC-B120-PC.png,,,,
P853,HILOOK 2MP CAMERA BULLET COLORVU THC-B127-P,316000,CCTV HILOOK,img\produk\HILOOK 2MP CAMERA BULLET COLORVU THC-B127-P.png,,,,
P854,HILOOK 2MP CAMERA DOME AUDIO THC-T120-PS,326000,CCTV HILOOK,img\produk\HILOOK 2MP CAMERA DOME AUDIO THC-T120-PS.png,,,,
P855,HILOOK 2MP CAMERA DOME COLORVU THC-B127-P,316000,CCTV HILOOK,img\produk\HILOOK 2MP CAMERA DOME COLORVU THC-B127-P.png,,,,
P856,HILOOK 2MP CAMERA DOME THC-B120-PC,226000,CCTV HILOOK,img\produk\HILOOK 2MP CAMERA DOME THC-B120-PC.png,,,,
P857,HDD 500GB,475000,HDD CCTV,img\produk\HDD.png,,,,
P858,HDD  1TB,915000,HDD CCTV,img\produk\HDD.png,,,,
P859,HDD  2TB ,1830000,HDD CCTV,img\produk\HDD.png,,,,
P860,HDD  3TB ,2295000,HDD CCTV,img\produk\HDD.png,,,,
P861,HDD  4TB ,3200000,HDD CCTV,img\produk\HDD.png,,,,
P862,HDD  5TB ,3600000,HDD CCTV,img\produk\HDD.png,,,tidak dijual,
P863,HDD REFURBISHED 6TB ,4150000,HDD CCTV,img\produk\HDD.png,,,tidak dijual,
P864,HDD REFURBISHED 8TB,5250000,HDD CCTV,img\produk\HDD.png,,,tidak dijual,
P865,HDD ORIGINAL 4TB,3850000,HDD CCTV,img\produk\HDD.png,,,tidak dijual,
P866,HDD SEAGATE 6TB,4080000,HDD CCTV,img\produk\HDD.png,,,tidak dijual,
P867,HDD SEAGATE EXOS MFI 8TB,6590000,HDD CCTV,img\produk\SEAGATE EXOS MFI.png,,,tidak dijual,
P868,HDD SEAGATE EXOS MFI 10TB,7680000,HDD CCTV,img\produk\SEAGATE EXOS MFI.png,,,tidak dijual,
P869,FANTECH GS203 GAMING SPEAKER (BEAT),145000,SPEAKER FANTECH,img\produk\FANTECH GS203 GAMING SPEAKER (BEAT).jfif,,,,
P870,FANTECH GS206 GAMING SPEAKER (GROOVE BAR - WIRED),229000,SPEAKER FANTECH,img\produk\FANTECH GS206 GAMING SPEAKER (GROOVE BAR - WIRED).jfif,,,,
P871,FANTECH GS303 GAMING SPEAKER (GROOVE BAR - DUAL MODE)),249000,SPEAKER FANTECH,img\produk\FANTECH GS303 GAMING SPEAKER (GROOVE BAR - DUAL MODE)).jfif,,,,
P872,FANTECH GS304 GAMING SPEAKER (GROOVE - DUAL MODE),309000,SPEAKER FANTECH,img\produk\FANTECH GS304 GAMING SPEAKER (GROOVE - DUAL MODE).jfif,,,,
P873,FANTECH GS305 GAMING SPEAKER (BEAT BAR),355000,SPEAKER FANTECH,img\produk\FANTECH GS305 GAMING SPEAKER (BEAT BAR).jfif,,,,
P874,FANTECH BS151 GAMING SPEAKER (GROOVE BAR),469000,SPEAKER FANTECH,img\produk\FANTECH BS151 GAMING SPEAKER (GROOVE BAR).jfif,,,,
P875,FANTECH BS154 PORTABLE SPEAKER (NeraBox) RGB,175000,SPEAKER FANTECH,img\produk\FANTECH BS154 PORTABLE SPEAKER (NeraBox) RGB.jfif,,,,
P876,FANTECH SMART DOOR LOCK SDL01 IOT,819000,SMARTLOCK FANTECH,img\produk\FANTECH SMART DOOR LOCK SDL01 IOT.jfif,,,,
P877,FANTECH ATOM61 MK211 MECHANICAL KEYBOARD,215000,KEYBOARD,img\produk\FANTECH ATOM61 MK211 MECHANICAL KEYBOARD.jfif,,,,
P878,FANTECH AME EDITION ATOM X63 MK611 MECHANICAL KEYBOARD,360000,KEYBOARD,img\produk\FANTECH AME EDITION ATOM X63 MK611 MECHANICAL KEYBOARD.jfif,,,,
P879,FANTECH AME EDITION ATOM X83 MK612 MECHANICAL KEYBOARD,409000,KEYBOARD,img\produk\FANTECH AME EDITION ATOM X83 MK612 MECHANICAL KEYBOARD.webp,,,,
P880,FANTECH MIZU ATOM63 MK874V2 MECHANICAL KEYBOARD,299000,KEYBOARD,img\produk\FANTECH MIZU ATOM63 MK874V2 MECHANICAL KEYBOARD.jfif,,,,
P881,FANTECH MIZU ATOM81 MK875V2 MECHANICAL KEYBOARD,369000,KEYBOARD,img\produk\FANTECH MIZU ATOM81 MK875V2 MECHANICAL KEYBOARD.jfif,,,,
P882,FANTECH MIZU ATOM96 MK890V2 MECHANICAL KEYBOARD,399000,KEYBOARD,img\produk\FANTECH MIZU ATOM96 MK890V2 MECHANICAL KEYBOARD.jpg,,,,
P883,FANTECH MIZU ATOM107S MK893S MECHANICAL KEYBOARD,399000,KEYBOARD,img\produk\FANTECH MIZU ATOM107S MK893S MECHANICAL KEYBOARD.jfif,,,,
P884,FANTECH SUMI ATOM87 MK876V2 MECHANICAL KEYBOARD,385000,KEYBOARD,img\produk\FANTECH SUMI ATOM87 MK876V2 MECHANICAL KEYBOARD.jfif,,,,
P885,FANTECH SUMI ATOM104 MK886V2 MECHANICAL KEYBOARD,395000,KEYBOARD,img\produk\FANTECH SUMI ATOM104 MK886V2 MECHANICAL KEYBOARD.jfif,,,,
P886,FANTECH MORI ATOM63 MK874V2 MECHANICAL KEYBOARD,296000,KEYBOARD,img\produk\FANTECH MORI ATOM63 MK874V2 MECHANICAL KEYBOARD.jfif,,,,
P887,FANTECH MORI ATOM87S MK877S MECHANICAL KEYBOARD,385000,KEYBOARD,img\produk\FANTECH MORI ATOM87S MK877S MECHANICAL KEYBOARD.jfif,,,,
P888,FANTECH MORI ATOM104S MK878S MECHANICAL KEYBOARD,395000,KEYBOARD,img\produk\FANTECH MORI ATOM104S MK878S MECHANICAL KEYBOARD.webp,,,,
P889,FANTECH ATOM HE 68 MK811 MECHANICAL KEYBOARD ,559000,KEYBOARD,img\produk\FANTECH ATOM HE 68 MK811 MECHANICAL KEYBOARD.jfif,,,,
P890,FANTECH ATOM PRO 63 MK912 MECHANICAL KEYBOARD,569000,KEYBOARD,img\produk\FANTECH ATOM PRO 63 MK912 MECHANICAL KEYBOARD.jfif,,,,
P891,FANTECH ATOM PRO 83 MK913 MECHANICAL KEYBOARD,745000,KEYBOARD,img\produk\FANTECH ATOM PRO 83 MK913 MECHANICAL KEYBOARD.jfif,,,,
P892,FANTECH ATOM PRO 96 MK914 MECHANICAL KEYBOARD,769000,KEYBOARD,img\produk\FANTECH ATOM PRO 96 MK914 MECHANICAL KEYBOARD.jfif,,,,
P893,FANTECH ATOM PRO 79 MK917 MECHANICAL KEYBOARD,749000,KEYBOARD,img\produk\FANTECH ATOM PRO 79 MK917 MECHANICAL KEYBOARD.jfif,,,,
P894,FANTECH ATOM PRO 97 MK918 MECHANICAL KEYBOARD,769000,KEYBOARD,img\produk\FANTECH ATOM PRO 97 MK918 MECHANICAL KEYBOARD.jfif,,,,
P895,FANTECH ATOM PRO 66 MK919 MECHANICAL KEYBOARD,669000,KEYBOARD,img\produk\FANTECH ATOM PRO 66 MK919 MECHANICAL KEYBOARD.jfif,,,,
P896,FANTECH MAXFIT 70 MK911 MECHANICAL KEYBOARD,1363000,KEYBOARD,img\produk\FANTECH MAXFIT 70 MK911 MECHANICAL KEYBOARD.jfif,,,,
P897,FANTECH MAXFIT AIR 83 MK915 MECHANICAL KEYBOARD,999000,KEYBOARD,img\produk\FANTECH MAXFIT AIR 83 MK915 MECHANICAL KEYBOARD.jfif,,,,
P898,FANTECH MAXFIT AIR 99 MK916 MECHANICAL KEYBOARD,1099000,KEYBOARD,img\produk\FANTECH MAXFIT AIR 99 MK916 MECHANICAL KEYBOARD.jfif,,,,
P899,FANTECH MAXFIT 6 MK920 MECHANICAL KEYBOARD,999000,KEYBOARD,img\produk\FANTECH MAXFIT 6 MK920 MECHANICAL KEYBOARD.jfif,,,,
P900,FANTECH MAXFIT 8 MK921 MECHANICAL KEYBOARD,999000,KEYBOARD,img\produk\FANTECH MAXFIT 8 MK921 MECHANICAL KEYBOARD.jfif,,,,
P901,FANTECH ATOM HE 68 PRO MK922 MECHANICAL KEYBOARD ,699000,KEYBOARD,img\produk\FANTECH ATOM HE 68 PRO MK922 MECHANICAL KEYBOARD.jfif,,,,
P902,FANTECH KM100 OFFICE COMBO,165000,KEYBOARD,img\produk\FANTECH KM100 OFFICE COMBO.jfif,,,,
P903,FANTECH GO KM103 COMBO OFFICE COMBO,155000,KEYBOARD,img\produk\FANTECH GO KM103 COMBO OFFICE COMBO.jfif,,,,
P904,FANTECH G10 GAMING MOUSE,125000,MOUSE,img\produk\FANTECH G10 GAMING MOUSE.jfif,,,,
P905,FANTECH RHASTA II G13 GAMING MOUSE,128000,MOUSE,img\produk\FANTECH RHASTA II G13 GAMING MOUSE.jfif,,,,
P906,FANTECH PHANTOM II VX6 GAMING MOUSE,195000,MOUSE,img\produk\FANTECH PHANTOM II VX6 GAMING MOUSE.jfif,,,,
P907,FANTECH CRYPTO II VX7V2 GAMING MOUSE,165000,MOUSE,img\produk\FANTECH CRYPTO II VX7V2 GAMING MOUSE.jfif,,,,
P908,FANTECH KANATA VX9 GAMING MOUSE,160000,MOUSE,img\produk\FANTECH KANATA VX9 GAMING MOUSE.jpg,,,,
P909,FANTECH KANATA S VX9S GAMING MOUSE,185000,MOUSE,img\produk\FANTECH KANATA S VX9S GAMING MOUSE.jfif,,,,
P910,FANTECH THOR X9 GAMING MOUSE,165000,MOUSE,img\produk\FANTECH THOR X9 GAMING MOUSE.jfif,,,,
P911,FANTECH RAIGOR II WG10 GAMING MOUSE,145000,MOUSE,img\produk\FANTECH RAIGOR II WG10 GAMING MOUSE.jfif,,,,
P912,FANTECH RAIGOR III WG12 GAMING MOUSE,145000,MOUSE,img\produk\FANTECH RAIGOR III WG12 GAMING MOUSE.jfif,,,,
P913,FANTECH RAIGOR III WG12R GAMING MOUSE,155000,MOUSE,img\produk\FANTECH RAIGOR III WG12R GAMING MOUSE.jfif,,,,
P914,FANTECH RAIGOR III WG12RS GAMING MOUSE,165000,MOUSE,img\produk\FANTECH RAIGOR III WG12RS GAMING MOUSE.jfif,,,,
P915,FANTECH CRYPTO II WG7V2 GAMING MOUSE,285000,MOUSE,img\produk\FANTECH CRYPTO II WG7V2 GAMING MOUSE.jfif,,,,
P916,FANTECH CRYPTO II WG7V2RD GAMING MOUSE ,315000,MOUSE,img\produk\FANTECH CRYPTO II WG7V2RD GAMING MOUSE.jfif,,,,
P917,FANTECH KANATA WG9RD GAMING MOUSE ,315000,MOUSE,img\produk\FANTECH KANATA WG9RD GAMING MOUSE.jfif,,,,
P918,FANTECH CRUISER II WG11V2RD GAMING MOUSE ,285000,MOUSE,img\produk\FANTECH CRUISER II WG11V2RD GAMING MOUSE.jfif,,,,
P919,FANTECH GO W603 OFFICE MOUSE,95000,MOUSE,img\produk\FANTECH GO W603 OFFICE MOUSE.jfif,,,,
P920,FANTECH GO W605 OFFICE MOUSE,95000,MOUSE,img\produk\FANTECH GO W605 OFFICE MOUSE.jfif,,,,
P921,FANTECH GO W606 OFFICE MOUSE,95000,MOUSE,img\produk\FANTECH GO W606 OFFICE MOUSE.jfif,,,,
P922,FANTECH GO W191 OFFICE MOUSE,139000,MOUSE,img\produk\FANTECH GO W191 OFFICE MOUSE.jpg,,,,
P923,FANTECH GO W190D OFFICE MOUSE,135000,MOUSE,img\produk\FANTECH GO W190D OFFICE MOUSE.jfif,,,,
P924,FANTECH FLASH HQ53 GAMING HEADSET,210000,GAMING HEADSET,img\produk\FANTECH FLASH HQ53 GAMING HEADSET.jfif,,,,
P925,FANTECH FLASH HQ53 7.1 GAMING HEADSET,225000,GAMING HEADSET,img\produk\FANTECH FLASH HQ53 7.1 GAMING HEADSET.jfif,,,,
P926,FANTECH CHIEF II HG20 GAMING HEADSET,255000,GAMING HEADSET,img\produk\FANTECH CHIEF II HG20 GAMING HEADSET.jfif,,,,
P927,FANTECH ALTO 7.1 HG26 GAMING HEADSET,519000,GAMING HEADSET,img\produk\FANTECH ALTO 7.1 HG26 GAMING HEADSET.jfif,,,,
P928,FANTECH CARBON 7.1 HG30 GAMING HEADSET,469000,GAMING HEADSET,img\produk\FANTECH CARBON 7.1 HG30 GAMING HEADSET.jfif,,,,
P929,FANTECH CARBON MH92 GAMING HEADSET ,389000,GAMING HEADSET,img\produk\FANTECH CARBON MH92 GAMING HEADSET.jfif,,,,
P930,FANTECH GO VIBE WH05 WIRELESS HEADSET,245000,WIRELESS HEADSET,img\produk\FANTECH GO VIBE WH05 WIRELESS HEADSET.jfif,,,,
P931,FANTECH GO VIBE WH05A WIRELESS HEADSET,335000,WIRELESS HEADSET,img\produk\FANTECH GO VIBE WH05A WIRELESS HEADSET.jfif,,,,
P932,FANTECH GO TUNE WH06 WIRELESS HEADSET,305000,WIRELESS HEADSET,img\produk\FANTECH GO TUNE WH06 WIRELESS HEADSET.jfif,,,,
P933,FANTECH GO FLOW WH07A WIRELESS HEADSET,419000,WIRELESS HEADSET,img\produk\FANTECH GO FLOW WH07A WIRELESS HEADSET.jfif,,,,
P934,FANTECH STUDIO PRO WHG03P WIRELESS HEADSET,699000,WIRELESS HEADSET,img\produk\FANTECH STUDIO PRO WHG03P WIRELESS HEADSET.jfif,,,,
P935,FANTECH TAMAGO II WHG04 WIRELESS HEADSET,405000,WIRELESS HEADSET,img\produk\FANTECH TAMAGO II WHG04 WIRELESS HEADSET.jfif,,,,
P936,FANTECH STELLAR WHG05 WIRELESS HEADSET ,485000,WIRELESS HEADSET,img\produk\FANTECH STELLAR WHG05 WIRELESS HEADSET.jfif,,,,
P937,FANTECH CARBON PRO WHG06 WIRELESS HEADSET ,609000,WIRELESS HEADSET,img\produk\FANTECH CARBON PRO WHG06 WIRELESS HEADSET.webp,,,,
P938,FANTECH MP64 BASIC MOUSEPAD,55000,MOUSEPAD,img\produk\FANTECH MP64 BASIC MOUSEPAD.jfif,,,,
P939,FANTECH MP25 BASIC MOUSEPAD,45000,MOUSEPAD,img\produk\FANTECH MP25 BASIC MOUSEPAD.jfif,,,,
P940,FANTECH MP70 BASIC MOUSEPAD,94000,MOUSEPAD,img\produk\FANTECH MP70 BASIC MOUSEPAD.jfif,,,,
P941,FANTECH VIGIL MP256 BASIC MOUSEPAD,45000,MOUSEPAD,img\produk\FANTECH VIGIL MP256 BASIC MOUSEPAD.jfif,,,,
P942,FANTECH VIGIL MP296 BASIC MOUSEPAD,50000,MOUSEPAD,img\produk\FANTECH VIGIL MP296 BASIC MOUSEPAD.jfif,,,,
P943,FANTECH AGILE MP353 GAMING MOUSEPAD,120000,MOUSEPAD,img\produk\FANTECH AGILE MP353 GAMING MOUSEPAD.jfif,,,,
P944,FANTECH AGILE MP453 GAMING MOUSEPAD,130000,MOUSEPAD,img\produk\FANTECH AGILE MP453 GAMING MOUSEPAD.jfif,,,,
P945,FANTECH AGILE MP903 GAMING MOUSEPAD,145000,MOUSEPAD,img\produk\FANTECH AGILE MP903 GAMING MOUSEPAD.jfif,,,,
P946,FANTECH STRIKEPAD MST491 GAMING MOUSEPAD,359000,MOUSEPAD,img\produk\FANTECH STRIKEPAD MST491 GAMING MOUSEPAD.jpeg,,,,
P947,FANTECH STRIKEPAD MST901 GAMING MOUSEPAD,409000,MOUSEPAD,img\produk\FANTECH STRIKEPAD MST901 GAMING MOUSEPAD.jfif,,,,
P948,FANTECH STRIKEPAD MST491P GAMING MOUSEPAD,459000,MOUSEPAD,img\produk\FANTECH STRIKEPAD MST491 GAMING MOUSEPAD.jpeg,,,,
P949,FANTECH MOTION PAD TSUCHI MMT451 GAMING MOUSEPAD,329000,MOUSEPAD,img\produk\FANTECH MOTION PAD TSUCHI MMT451 GAMING MOUSEPAD.jfif,,,,
P950,FANTECH MOTION PAD MIZU MMT452 GAMING MOUSEPAD,329000,MOUSEPAD,img\produk\FANTECH MOTION PAD MIZU MMT452 GAMING MOUSEPAD.jfif,,,,
P951,FANTECH MOTION PAD HI MMT453 GAMING MOUSEPAD,329000,MOUSEPAD,img\produk\FANTECH MOTION PAD HI MMT453 GAMING MOUSEPAD.jfif,,,,
P952,FANTECH MOTION PAD KAZE MMT454 GAMING MOUSEPAD,329000,MOUSEPAD,img\produk\FANTECH MOTION PAD KAZE MMT454 GAMING MOUSEPAD.jfif,,,,
P953,FANTECH MOTION PAD KAMINARI MMT455 GAMING MOUSEPAD,329000,MOUSEPAD,img\produk\FANTECH MOTION PAD KAMINARI MMT455 GAMING MOUSEPAD.jfif,,,,
P954,FANTECH NC11 NOTEBOOK COOLER,179000,NOTEBOOK COOLER,img\produk\FANTECH NC11 NOTEBOOK COOLER.jfif,,,,
P955,FANTECH NC12 NOTEBOOK COOLER,199000,NOTEBOOK COOLER,img\produk\FANTECH NC12 NOTEBOOK COOLER.jfif,,,,
P956,FANTECH NC13 NOTEBOOK COOLER,185000,NOTEBOOK COOLER,img\produk\FANTECH NC13 NOTEBOOK COOLER.jfif,,,,
P957,FANTECH NC14 NOTEBOOK COOLER,199000,NOTEBOOK COOLER,img\produk\FANTECH NC14 NOTEBOOK COOLER.jfif,,,,
P958,FANTECH NC20 NOTEBOOK COOLER,499000,NOTEBOOK COOLER,img\produk\FANTECH NC20 NOTEBOOK COOLER.jfif,,,,
P959,FANTECH NC21 NOTEBOOK COOLER,329000,NOTEBOOK COOLER,img\produk\FANTECH NC21 NOTEBOOK COOLER.jfif,,,,
P960,FANTECH NC22 NOTEBOOK COOLER,489000,NOTEBOOK COOLER,img\produk\FANTECH NC22 NOTEBOOK COOLER.jfif,,,,
P961,FANTECH NC30 NOTEBOOK COOLER,459000,NOTEBOOK COOLER,img\produk\FANTECH NC30 NOTEBOOK COOLER.jfif,,,,
P962,MTECH MT02 COOLING PAD,75000,NOTEBOOK COOLER,img\produk\MTECH COOLING PAD.webp,,,,
P963,FANTECH NS10 NOTEBOOK STAND,279000,NOTEBOOK STAND,img\produk\FANTECH NS10 NOTEBOOK STAND.jfif,,,,
P964,FANTECH NS11 NOTEBOOK STAND,155000,NOTEBOOK STAND,img\produk\FANTECH NS11 NOTEBOOK STAND.jfif,,,,
P965,FANTECH NS12 NOTEBOOK STAND,245000,NOTEBOOK STAND,img\produk\FANTECH NS12 NOTEBOOK STAND.jfif,,,,
P966,FANTECH KORSI GC191 GAMING CHAIR,2499000,GAMING CHAIR,img\produk\FANTECH KORSI GC191 GAMING CHAIR.jfif,,,,
P967,FANTECH LEDARE GC192 GAMING CHAIR,3199000,GAMING CHAIR,img\produk\FANTECH LEDARE GC192 GAMING CHAIR.jfif,,,,
P968,FANTECH GC283 GAMING CHAIR,3499000,GAMING CHAIR,img\produk\FANTECH GC283 GAMING CHAIR.jfif,,,,
P969,FANTECH OCA258 OFFICE CHAIR,1299000,OFFICE CHAIR,img\produk\FANTECH OCA258 OFFICE CHAIR.jfif,,,,
P970,FANTECH OCA258S V2 OFFICE CHAIR,1499000,OFFICE CHAIR,img\produk\FANTECH OCA258S V2 OFFICE CHAIR.jfif,,,,
P971,FANTECH OCA259S OFFICE CHAIR,1899000,OFFICE CHAIR,img\produk\FANTECH OCA259S OFFICE CHAIR.jfif,,,,
P972,FANTECH OCA259 PRO OFFICE CHAIR,2499000,OFFICE CHAIR,img\produk\FANTECH OCA259 PRO OFFICE CHAIR.jfif,,,,
P973,FANTECH OCA260 OFFICE CHAIR,1599000,OFFICE CHAIR,img\produk\FANTECH OCA260 OFFICE CHAIR.jfif,,,,
P974,FANTECH OCB258 OFFICE CHAIR,1199000,OFFICE CHAIR,img\produk\FANTECH OCB258 OFFICE CHAIR.jfif,,,,
P975,FANTECH FOA300P OFFICE CHAIR,1250000,OFFICE CHAIR,img\produk\FANTECH FOA300P OFFICE CHAIR.jfif,,,,
P976,FANTECH FOB300 OFFICE CHAIR,1150000,OFFICE CHAIR,img\produk\FANTECH FOB300 OFFICE CHAIR.jfif,,,,
P977,FANTECH VENICE CW1 OFFICE CHAIR ,7499000,OFFICE CHAIR,img\produk\FANTECH VENICE CW1 OFFICE CHAIR.jfif,,,,
P978,FANTECH DENVER CW2 OFFICE CHAIR BLACK,6899000,OFFICE CHAIR,img\produk\FANTECH DENVER CW2 OFFICE CHAIR BLACK.png,,,,
P979,TRENDI FOA99 OFFICE CHAIR,1099000,OFFICE CHAIR,img\produk\TRENDI FOA99 OFFICE CHAIR.png,,,,
P980,WORKSTATION PROMOUNT MBS1 – SINGLE-ARM MONITOR BRACKET,329000,ARM MONITOR BRACKET,img\produk\WORKSTATION PROMOUNT MBS1  SINGLEARM MONITOR BRACKET.png,,,,
P981,WORKSTATION PROMOUNT MBD1 – DUAL-ARM MONITOR BRACKET,629000,ARM MONITOR BRACKET,img\produk\WORKSTATION PROMOUNT MBD1 DUALARM MONITOR BRACKET.jfif,,,,
P982,FANTECH GLETSER MAX PCM10 BK PHONE COOLER,199000,PHONE COOLER,img\produk\FANTECH GLETSER MAX PCM10 BK PHONE COOLER.jfif,,,,
P983,FANTECH GLETSER PC10 GY PHONE COOLER,175000,PHONE COOLER,img\produk\FANTECH GLETSER PC10 GY PHONE COOLER.jfif,,,,
P984,FANTECH PAC1 PORTABLE COOLER,135000,KIPAS MINI PORTABLE,img\produk\FANTECH PAC1 PORTABLE COOLER.jfif,,,,
P985,FANTECH PAC2 PORTABLE COOLER,195000,KIPAS MINI PORTABLE,img\produk\FANTECH PAC2 PORTABLE COOLER.jfif,,,,
P986,FANTECH PAC3 PORTABLE COOLER,299000,KIPAS MINI PORTABLE,img\produk\FANTECH PAC3 PORTABLE COOLER.jfif,,,,
P987,FANTECH 1100 RPM PAC5 PORTABLE COOLER,180000,KIPAS MINI PORTABLE,img\produk\FANTECH 1100 RPM PAC5 PORTABLE COOLER.jfif,,,,
P988,FANTECH 1000 RPM PAC6 PORTABLE COOLER ,235000,KIPAS MINI PORTABLE,img\produk\FANTECH 1000 RPM PAC6 PORTABLE COOLER.jfif,,,,
P989,FANTECH 1700 RPM PAC7 PORTABLE COOLER ,235000,KIPAS MINI PORTABLE,img\produk\FANTECH 1700 RPM PAC7 PORTABLE COOLER.jfif,,,,
P990,FANTECH WORK STATION WS311 ELECTRIC ADJUSTABLE DESK,2199000,MEJA ELEKTRIK,img\produk\FANTECH WORK STATION WS311 ELECTRIC ADJUSTABLE DESK.webp,,,,
P991,FANTECH WORK STATION WS414 ELECTRIC ADJUSTABLE DESK,2899000,MEJA ELEKTRIK,img\produk\FANTECH WORK STATION WS414 ELECTRIC ADJUSTABLE DESK.jpg,,,,
P992,FANTECH WORK STATION WS514 ELECTRIC ADJUSTABLE DESK,3999000,MEJA ELEKTRIK,img\produk\FANTECH WORK STATION WS514 ELECTRIC ADJUSTABLE DESK.jfif,,,,
P993,FANTECH WORK STATION DUBLIN DW114 ELECTRIC ADJUSTABLE DESK BLACK,5499000,MEJA ELEKTRIK,img\produk\FANTECH WORK STATION DUBLIN DW114 ELECTRIC ADJUSTABLE DESK BLACK.jfif,,,,
P994,FANTECH KYOTO DW207 ELECTRIC ADJUSTABLE DESK WHITE,1599000,MEJA ELEKTRIK,img\produk\FANTECH KYOTO DW207 ELECTRIC ADJUSTABLE DESK WHITE.png,,,,
P995,FANTECH NERALINK HA2041 USB HUB 4 PORT (USB 2.0),109000,USB HUB,img\produk\FANTECH NERALINK HA2041 USB HUB 4 PORT (USB 2.0).webp,,,,
P996,FANTECH NERALINK HC051 USB HUB 5 PORT (INCL PD + RJ45),309000,USB HUB,img\produk\FANTECH NERALINK HC051 USB HUB 5 PORT (INCL PD + RJ45).webp,,,,
P997,FANTECH NERALINK HC052 USB HUB 5 PORT (INCL PD + HDMI),289000,USB HUB,img\produk\FANTECH NERALINK HC052 USB HUB 5 PORT (INCL PD + HDMI).jfif,,,,
P998,FANTECH NERALINK HC101 USB HUB 10 PORT (PD/HDMI/ RJ45/ JACK/ USB/ SD CARD/ MIRO SD),549000,USB HUB,img\produk\FANTECH NERALINK HC101 USB HUB 10 PORT.webp,,,,
P999,FANTECH NERALINK HA3041 USB HUB,129000,USB HUB,img\produk\FANTECH NERALINK HA3041 USB HUB.webp,,,,
P1000,FANTECH POWER PACK S1 POWERBANK,179000,POWERBANK,img\produk\FANTECH POWER PACK S1 POWERBANK.jpg,,,,
P1001,FANTECH POWER PACK S2 POWERBANK,189000,POWERBANK,img\produk\FANTECH POWER PACK S2 POWERBANK.jfif,,,,
P1002,FANTECH POWER PACK S3 POWERBANK,219000,POWERBANK,img\produk\FANTECH POWER PACK S3 POWERBANK.jfif,,,,
P1003,FANTECH POWER PACK T1 POWERBANK,256000,POWERBANK,img\produk\FANTECH POWER PACK T1 POWERBANK.jfif,,,,
P1004,FANTECH POWER PACK T2 POWERBANK,256000,POWERBANK,img\produk\FANTECH POWER PACK T2 POWERBANK.jpg,,,,
P1005,ADVAN SOULMATE X1 L25D-DALI1 MIDNIGHT BLUE,3699000,LAPTOP ADVAN,img\produk\ADVAN SOULMATE X1 L25D-DALI1 MIDNIGHT BLUE.webp,CPU: AMD 3020E; RAM: 4GB; SSD: 128GB; DISPLAY: 14 INCI IPS FHD; OS: W11; NOTE: RAM & SSD UPGRADEABLE,,tidak dijual,
P1006,ADVAN SOULMATE X1 L25D-DALI1 ROSE,3699000,LAPTOP ADVAN,img\produk\ADVAN SOULMATE X1 L25D-DALI1 ROSE.jfif,CPU: AMD 3020E; RAM: 4GB; SSD: 128GB; DISPLAY: 14 INCI IPS FHD; OS: W11; NOTE: RAM & SSD UPGRADEABLE,,tidak dijual,
P1007,ADVAN SOULMATE X1 L25D-DALI1 WHITE,3699000,LAPTOP ADVAN,img\produk\ADVAN SOULMATE X1 L25D-DALI1 WHITE.png,CPU: AMD 3020E; RAM: 4GB; SSD: 128GB; DISPLAY: 14 INCI IPS FHD; OS: W11; NOTE: RAM & SSD UPGRADEABLE,,tidak dijual,
P1008,ADVAN SOULMATE X2 L25D-DALI1 MIDNIGHT BLUE/WHITE,3999000,LAPTOP ADVAN,img\produk\ADVAN SOULMATE X2 L25D-DALI1 MIDNIGHT.jfif,CPU: AMD 3020E; RAM: 8GB; SSD: 128GB;DISPLAY: 14 INCI; OS: W11,,tidak dijual,
P1009,ADVAN L26A-R33S1 360 GO GREY,6199000,LAPTOP ADVAN,img\produk\ADVAN L26A-R33S1 360 GO GREY.jfif,CPU: AMD R3-3200U; RAM: 8GB; SSD: 256GB; DISPLAY: 360derajat 14 INCI; NOTE: TOUCHSCREEN IPS FHD PEN LAYAR ,,tidak dijual,
P1010,ADVAN WORKMATE R5 L25C-R53S1 GREY/GOLD,6199000,LAPTOP ADVAN,img\produk\ADVAN WORKMATE R5 L25C-R53S1.png,CPU: RYZEN 5 3500U; RAM: 16GB; SSD: 256GB; DISPLAY: 14 INCI; OS: W11; NOTE: DAPAT TAS,,tidak dijual,
P1011,ADVAN PIXWAR T L25A-R76S1 CYAN,8999000,LAPTOP ADVAN,img\produk\ADVAN PIXWAR T L25A-R76S1 CYAN.webp,CPU: RYZEN 7-6800H; RAM: 16GB; SSD: 512GB (upgradeable); GRAPHIC: Radeon 680M; DISPLAY: TOUCH 15.6 INCI,,tidak dijual,
P1012,QWERTY MY-03,310000,QWERTY,img\produk\Qwerty MY-03.webp,,,,
P1013,NEMESIS T31 BLACK,325000,NEMESIS,img\produk\NEMESIS T31 BLACK.webp,,,,
P1014,NEMESIS T31 WHITE,345000,NEMESIS,img\produk\NEMESIS T31 WHITE.webp,,,,
P1015,NEMESIS NEIRO FC2 BLACK,399000,NEMESIS,img\produk\NEMESIS NEIRO FC2 BLACK.webp,,,,
P1016,NEMESIS NEIRO FC2 WHITE,435000,NEMESIS,img\produk\NEMESIS NEIRO FC2 WHITE.webp,,,,
P1017,NEMESIS TARTAROS T70 BLACK 3 X RGB FAN,429000,NEMESIS,img\produk\NEMESIS TARTAROS T70 BLACK.webp,,,,
P1018,NEMESIS RUNE FC8 BLACK 3 X RGB FAN,575000,NEMESIS,img\produk\NEMESIS RUNE FC8 BLACK.webp,,,,
P1019,NEMESIS RUNE FC8 WHITE 3 X RGB FAN,619000,NEMESIS,img\produk\NEMESIS RUNE FC8 WHITE.webp,,,,
P1020,QWERTY H61 GEN 2&3 LGA 1155,325000,MAINBOARD QWERTY,img\produk\QWERTY H61 LGA 1155 GEN 2 3.jpeg,,,,
P1021,QWERTY H81 GEN 4 LGA 1150,375000,MAINBOARD QWERTY,img\produk\QWERTY H81 GEN 4 LGA 1150.jpg,,,,
P1022,QWERTY H110 GEN 6&7 DDR4 LGA 1151,795000,MAINBOARD QWERTY,img\produk\QWERTY H110 GEN 6&7 DDR4.jpeg,,,,
P1023,GIGABYTE A520M K V2 D4,1085000,GIGABYTE,img\produk\GIGABYTE A520M K V2 D4.png,,,,
P1024,GIGABYTE B550M-K AMD,1375000,GIGABYTE,img\produk\GIGABYTE B550M-K AMD.png,,,,
P1025,MAXSUN CHALLENGER A520M K D4,1065000,MAXSUN,img\produk\MAXSUN CHALLENGER A520M K D4.webp,,,,
P1026,ASUS PRIME B550M K ARGB D4,1585000,ASUS,img\produk\ASUS PRIME B550M K ARGB D4.jfif,,,,
P1027,ASUS PRIME H510M K GEN 10 DDR4 LGA 1200,1365000,ASUS,img\produk\ASUS PRIME H510M K GEN 10 DDR4 LGA 1200.png,,,,
P1028,ASUS PRIME H610M K D4 GEN 12/13/14 LGA 1700,1425000,ASUS,img\produk\ASUS PRIME H610M K D4 GEN.png,,,,
P1029,DATAFAST 500W,195000,DATAFAST,img\produk\DATAFAST 500W.jfif,,,,
P1030,REDWOLF 500W 80% EFFICIENCY,365000,REDWOLF,img\produk\REDWOLF 500W 80 EFFICIENCY.jpeg,,,,
P1031,SEGOTEP BN550 550W 80+ BRONZE,665000,SEGOTEP,img\produk\SEGOTEP BN550 550W 80+ BRONZE.png,,,,
P1032,SEGOTEP BN750 750W 80+ BRONZE,825000,SEGOTEP,img\produk\SEGOTEP BN750 750W 80+ BRONZE.png,,,,
P1033,VGA VURRION GT 610 2GB,585000,VURRION,img\produk\VURRION GT 610 2GB.jfif,,,,
P1034,VGA VURRION GTX 1050Ti 4GB,2095000,VURRION,img\produk\VURRION GTX 1050Ti 4GB.png,,,,
P1035,VGA VURRION RX580 8GB GDDR5,2380000,VURRION,img\produk\VURRION RX580 8GB GDDR5.jfif,,,,
P1036,VGA WYZTECH GT 730 4GB,890000,WYZTECH,,,,,
P1037,VGA WYZTECH GT 750Ti 4GB,1575000,WYZTECH,,,,,
P1038,VGA ZOTAC GAMING RTX 3050 6GB,,ZOTAC,img\produk\ZOTAC GAMING RTX 3050 6GB.jpg,,,,
P1039,VGA GAINWARD RTX 5060 GHOST 8GB D7,8765000,GAINWARD,img\produk\GAINWARD RTX 5060 GHOST 8GB D7.png,,,,
P1040,VGA GIGABYTE GEFORE RTX 3050 6GB D6,4195000,VGA GIGABYTE,img\produk\GIGABYTE GEFORE RTX 3050 6GB D6.png,,,,
P1041,VGA SAPPHIRE PURE RADEON RX 9060XT 16GB,8955000,SAPPHIRE,img\produk\SAPPHIRE PURE RADEON RX 9060XT 16GB.jfif,,,,
P1042,PROCESSOR INTEL i3 3220 + FAN LGA 1155,220000,INTEL ,img\produk\PROCESSOR i3 3220 + FAN LGA 1155.webp,,,,
P1043,PROCESSOR INTEL i3 4170 + FAN LGA 1150,205000,INTEL ,img\produk\PROCESSOR i3 4170 + FAN LGA 1150.webp,,,,
P1044,PROCESSOR INTEL i3 6100 + FAN LGA 1151,265000,INTEL ,img\produk\PROCESSOR i3 6100 + FAN LGA 1151.webp,,,,
P1045,PROCESSOR INTEL i3 7100 + FAN LGA 1151,315000,INTEL ,img\produk\PROCESSOR i3 7100 + FAN.jfif,,,,
P1046,PROCESSOR INTEL i3 10100 BOX LGA 1200,2085000,INTEL ,img\produk\PROCESSOR i3 10100 BOX LGA 1200.jfif,,,,
P1047,PROCESSOR INTEL i3 10100F TRAY NON FAN LGA 1200,2110000,INTEL ,img\produk\PROCESSOR i3 10100F TRAY NON FAN LGA 1200.jpeg,,,,
P1048,PROCESSOR INTEL i3 12100 BOX  LGA 1700,2445000,INTEL ,img\produk\PROCESSOR i3 12100 BOX  LGA 1700.jpg,,,,
P1049,PROCESSOR INTEL i3 12100F TRAY NON FAN LGA 1700,1649000,INTEL ,img\produk\PROCESSOR i3 12100F TRAY NON FAN LGA 1700.png,,,,
P1050,PROCESSOR INTEL i3 13100 BOX LGA 1700,0,INTEL ,img\produk\PROCESSOR i3 13100 BOX LGA 1700.avif,,,,
P1051,PROCESSOR INTEL i3 14100 BOX LGA 1700,3095000,INTEL ,img\produk\PROCESSOR i3 14100 BOX LGA 1700.png,,,,
P1052,PROCESSOR INTEL i5 2500 + FAN LGA 1155,340000,INTEL ,img\produk\PROCESSOR i5 2500 + FAN.jfif,,,,
P1053,PROCESSOR INTEL i5 4590 + FAN LGA 1150,425000,INTEL ,img\produk\PROCESSOR i5 4590 + FAN LGA 1150.webp,,,,
P1054,PROCESSOR INTEL i5 6500 + FAN LGA 1151,565000,INTEL ,img\produk\PROCESSOR i5 6500 + FAN.jfif,,,,
P1055,PROCESSOR INTEL i5 10400 BOX LGA 1200,2765000,INTEL ,img\produk\PROCESSOR i5 10400 BOX LGA 1200.png,,,,
P1056,PROCESSOR INTEL i5 10400F TRAY NON FAN LGA 1200,2160000,INTEL ,img\produk\PROCESSOR i5 10400F TRAY NON FAN LGA 1200.webp,,,,
P1057,PROCESSOR INTEL i5 12400 BOX LGA 1700,3520000,INTEL ,img\produk\PROCESSOR i5 12400 BOX LGA 1700.jpg,,,,
P1058,PROCESSOR INTEL i5 12400F BOX LGA 1700,2595000,INTEL ,img\produk\PROCESSOR i5 12400 BOX LGA 1700.jpg,,,,
P1059,PROCESSOR INTEL i5 13400 BOX LGA 1700,3565000,INTEL ,img\produk\PROCESSOR i5 13400F BOX LGA 1700.jfif,,,,
P1060,PROCESSOR INTEL i5 13400F BOX LGA 1700,3435000,INTEL ,img\produk\PROCESSOR i5 13400F BOX LGA 1700.jfif,,,,
P1061,PROCESSOR INTEL i7 7700 + FAN LGA 1151,1325000,INTEL ,img\produk\PROCESSOR i7 7700 + FAN.jpeg,,,,
P1062,MONITOR QWERTY 19 INCI,620000,MONITOR QWERTY,img\produk\MONITOR QWERTY 19 INCI.webp,,,,
P1063,MONITOR QWERTY 22INCI,785000,MONITOR QWERTY,img\produk\MONITOR QWERTY 22INCI.jpeg,,,,
P1064,MONITOR QWERTY 24 INCI,965000,MONITOR QWERTY,img\produk\MONITOR QWERTY 24 INCI.jfif,,,,
P1065,MONITOR SAMSUNG 24F320GAE 120HZ,1325000,MONITOR SAMSUNG,img\produk\MONITOR SAMSUNG 24F320GAE 120HZ.jfif,,,,
P1066,MONITOR XIAOMI A22i 75HZ,1099000,MONITOR XIAOMI,img\produk\MONITOR XIAOMI A22i 75HZ.webp,,,,
P1067,MONITOR XIAOMI G24i FHD 200HZ,1765000,MONITOR XIAOMI,img\produk\MONITOR XIAOMI G24i FHD 200HZ.webp,,,,
P1068,PC RAKITAN OFFICE 1 GENERASI 4,4218000,PC RAKITAN,img\produk\PC OFFICE 1.png,CPU: CORE i5 4590; MAINBOARD: QWERTY H81; RAM: VGEN DDR3 8GB; SSD: VGEN 256GB; HDD: 1TB; CASING: QWERTY MY03; MONITOR: QWERTY 19 INCI; BONUS: KEYBOARD&MOUSE FANTECH KM103,,,
P1069,PC RAKITAN OFFICE 2 GENERASI 4,4875000,PC RAKITAN,img\produk\PC OFFICE 2.png,CPU: CORE i5 4590; MAINBOARD: QWERTY H81; RAM: VGEN DDR3 8GB; SSD: VGEN 256GB; HDD: 1TB; CASING: QWERTY MY03; MONITOR: LG IPS 19 INCI; BONUS: KEYBOARD&MOUSE FANTECH KM103,,,
P1070,PC RAKITAN OFFICE 3 GENERASI 14,9635000,PC RAKITAN,img\produk\PC OFFICE 3.png,CPU: CORE i3 14100 BOX; MAINBOARD: ASUS PRIME H610M K D4; RAM: VGEN DDR4 8GB; SSD: VGEN 256GB; HDD: 1TB; CASING: NEMESIS T31 BLACK/WHITE INCLUDE PSU 550W; MONITOR: LG IPS 19 INCI; BONUS: KEYBOARD&MOUSE FANTECH KM103,,,
P1071,PC RAKITAN GAMING STRIKE i5 305 D4,14163000,PC RAKITAN,img\produk\GAMING 1.jpg,CPU: CORE i5 12400F BOX; MAINBOARD: ASUS PRIME H610M K D4; RAM: VGEN DDR4 16GB; SSD: VGEN 256GB; HDD: 1TB; VGA: ZOTAC GAMING RTX 3050 6GB; CASING: NEMESIS RUNE FC8 BLACK/WHITE INCLUDE PSU 550W; COLLER: ANTEC A30 NEO ARGB; BONUS: KEYBOARD MK211 MECHANICAL ,,,
P1072,PC RAKITAN GAMING STRIKE i5 506 D4,16965000,PC RAKITAN,img\produk\GAMING 2.jpg,CPU: CORE i5 12400F BOX; MAINBOARD: ASUS PRIME H610M K D4; RAM: VGEN DDR4 16GB; SSD: VGEN 256GB; HDD: 1TB; VGA: GAINWARD RTX 5060 GHOST 8GB; CASING: NEMESIS RUNE FC8 BLACK/WHITE INCLUDE PSU 550W; COLLER: ANTEC A30 NEO ARGB; BONUS: KEYBOARD MK211 MECHANICAL ,,,
P1073,PC RAKITAN GAMING STRIKE AMD R5 305,14255000,PC RAKITAN,img\produk\PC RAKITAN GAMING STRIKE AMD R5 305.jpg,CPU: AMD RYZEN 5 5600 BOX; MAINBOARD: GIGABYTE A520M K V2 D4; RAM: VGEN DDR4 16GB; SSD: VGEN 256GB; HDD: 1TB; VGA: GIGABYTE GEFORE RTX 3050 6GB D6; CASING: NEMESIS RUNE FC8 BLACK/WHITE INCLUDE PSU 550W;  BONUS: KEYBOARD MK211 MECHANICAL ,,,
P1074,PC RAKITAN GAMING STRIKE AMD R5 506,16485000,PC RAKITAN,img\produk\PC RAKITAN GAMING STRIKE AMD R5 506.jpg,CPU: AMD RYZEN 5 5600 BOX; MAINBOARD: MAXSUN CHALLENGER A520M K D4; RAM: VGEN DDR4 16GB; SSD: VGEN 256GB; HDD: 1TB; VGA: GAINWARD RTX 5060 GHOST 8GB D7; CASING: NEMESIS RUNE FC8 BLACK/WHITE INCLUDE PSU 750W;  BONUS: KEYBOARD MK211 MECHANICAL ,,,
P1075,PC RAKITAN GAMING STRIKE AMD R7 906XT,20928000,PC RAKITAN,img\produk\PC RAKITAN GAMING STRIKE AMD R7 906XT.jpg,CPU: AMD RYZEN 7 5700X BOX; MAINBOARD: ASUS PRIME B550M K ARGB D4; RAM: VGEN DDR4 16GB; SSD: VGEN 256GB; HDD: 1TB; VGA: SAPPHIRE PURE RADEON RX 9060XT 16GB; CASING: NEMESIS RUNE FC8 BLACK/WHITE INCLUDE PSU 750W;  BONUS: KEYBOARD MK211 MECHANICAL ,,,
P1076,PROCESSOR AMD RYZEN 5 5600 BOX,2435000,AMD,img\produk\AMD RYZEN 5 5600 BOX.png,,,,
P1077,PROCESSOR AMD RYZEN 5 5600GT BOX,3160000,AMD,img\produk\AMD RYZEN 5-5600GT BOX.webp,,,,
P1078,PROCESSOR AMD RYZEN 7 5700X BOX ,3956000,AMD,img\produk\AMD RYZEN 7 5700X BOX.webp,,,,
P1079,SEAGATE ONE TOUCH 1 TB,1680000,SEAGATE EKSTERNAL,img\produk\HDD SEAGATE ONTOUCH.jfif,,,,
P1080,SEAGATE ONE TOUCH 2 TB,1995000,SEAGATE EKSTERNAL,img\produk\HDD SEAGATE ONTOUCH.jfif,,,,
P1081,SEAGATE EXPANSION 1 TB,1865000,SEAGATE EKSTERNAL,img\produk\HDD SEAGATE EXPANSION.webp,,,,
P1082,SEAGATE EXPANSION 2 TB,2255000,SEAGATE EKSTERNAL,img\produk\HDD SEAGATE EXPANSION.webp,,,,
P1083,SEAGATE EXPANSION 4 TB,2865000,SEAGATE EKSTERNAL,img\produk\HDD SEAGATE EXPANSION.webp,,,,
P1084,SEAGATE EXPANSION 5 TB,3085000,SEAGATE EKSTERNAL,img\produk\HDD SEAGATE EXPANSION.webp,,,,
P1085,WD MY PASSPORT 1 TB,1580000,WESTERN DIGITAL EKSTERNAL,img\produk\WD MYPASSPORT.jpg,,,,
P1086,WD MY PASSPORT ULTRA 4 TB,2855000,WESTERN DIGITAL EKSTERNAL,img\produk\WD MYPASSPORT ULTRA.jfif,,,,
P1087,TOSHIBA CANVIO BASIC 1 TB,1560000,TOSHIBA EKSTERNAL,img\produk\TOSHIBA CANVIO BASIC.jfif,,,,
P1088,NYK KABEL POWER CHARGER LAPTOP,46000,KABEL POWER,img\produk\NYK KABEL POWER NOTEBOOK CHARGER.jpeg,,,,
P1089,VGEN TURBO SERIES CLASS 64GB,526000,MEMORY SD CCTV,img\produk\VGEN TURBO 64GB.webp,,,,
P1090,VGEN TURBO SERIES CLASS 128GB,696000,MEMORY SD CCTV,img\produk\VGEN TURBO 128GB.webp,,,,
P1091,EZVIZ RE 4 PLUS (ROBOT VACUUM),4599000,EZVIZ SMART CLEANER,img\produk\RE4 PLUS.jfif,,4399000,,
P1092,EZVIZ RE 5 PLUS (ROBOT VACUUM),4599000,EZVIZ SMART CLEANER,img\produk\RE5 PLUS.jpg,,4399000,,
P1093,EZVIZ RS 2 (ROBOT VACUUM),9899000,EZVIZ SMART CLEANER,img\produk\RS2.png,,9699000,,
P1094,EZVIZ RS 20 PRO (ROBOT VACUUM),10999000,EZVIZ SMART CLEANER,img\produk\RS20 PRO.jpg,,10699000,,
P1095,EZVIZ VACUUM RH 2 ,4699000,EZVIZ SMART CLEANER,img\produk\RH2.png,Note: 3 IN 1 MOP VACUUM & FLOOR CLEANER,4499000,,
P1096,MEARI S1 PLUS 2K 3MP INDOOR WIFI KAMERA,429000,MEARI,img\produk\MEARI INDOOR S1.png,,,,
P1097,MEARI S2 PLUS 2K 4MP OUTDOOR WIFI KAMERA,685000,MEARI,img\produk\MEARI OUTDOOR S2.webp,,,,
P1098,DAHUA 3MP INDOOR WIFI KAMERA HERO A1,409000,CCTV DAHUA,img\produk\DAHUA HERO A1 3MP.jpeg,,,,
P1099,PROJECTOR LED PORTABLE ANDROID NYK PY-200,1325000,NYK,img\produk\NYK PY-200.jpeg,,,,
P1100,PROJECTOR  CHEERLUX ANDROID CL-770,2485000,CHEERLUX,img\produk\CHEERLUX CL-770.jfif,,,,
P1101,PROJECTOR  CHEERLUX WIFI CL-770,2965000,CHEERLUX,img\produk\CHEERLUX CL-770 WIFI.jfif,,,,
P1102,PROJECTOR  INFOCUS IN00 12SL WHITE+TAS,4799000,INFOCUS,img\produk\INFOCUS IN00 12SL.jfif,,,,
P1103,PROJECTOR  EPSON EB-E600+TAS,5799000,PROJECTOR EPSON,img\produk\EPSON EB E600.png,,5699000,,
P1104,CASE HDD 2.5 HONGTAI,75000,CASE HDD & SSD EKSTERNAL,img\produk\HONGTAI CASE HDD.jpeg,,,,
P1105,CASE SSD M.2 NVME MTECH,135000,CASE HDD & SSD EKSTERNAL,img\produk\MTECH SSD CASE.jpeg,,,,
P1106,USB WIFI TP-LINK WN725N,99000,USB BLUETOOTH & WIFI,img\produk\TL-WN725N.jpg,,,,
P1107,USB BLUETOOTH TP-LINK UB500,120000,USB BLUETOOTH & WIFI,img\produk\USB BLUETOOTH TP-LINK UB500.jpg,,,,
P1108,USB WIFI & BLUETOOTH TP-LINK ARCHER T2UB,195000,USB BLUETOOTH & WIFI,img\produk\USB WIFI & BLUETOOTH TP-LINK ARCHER TX10UB.jpg,,,,
P1109,USB WIFI & BLUETOOTH TP-LINK ARCHER TX10UB,235000,USB BLUETOOTH & WIFI,img\produk\USB WIFI & BLUETOOTH TP-LINK ARCHER TX10UB.jpg,,,,
P1110,LASER POINTER MTECH MT800,160000,LASER POINTER,img\produk\LASER POINTER MTECH MT800.jfif,,,,
P1111,LASER POINTER LOGITECH R400,619000,LASER POINTER,img\produk\LASER POINTER LOGITECH R400.webp,,,,
P1112,STANDING LAPTOP NEMESIS ROTATE PROME CL-5,290000,NOTEBOOK STAND,img\produk\STANDING LAPTOP NEMESIS ROTATE PROME CL-5.jfif,,,,
P1113,ANTI GORES 14 INCI (16:9),45000,ANTI GORES,,,,,
P1114,ANTI GORES 14.4 INCI (16:10),50000,ANTI GORES,,,,,
P1115,ANTI GORES 16.4 INCI ,65000,ANTI GORES,,,,,
P1116,PROVIEW ANALOG KAMERA 2MP BULLET NIGHT VISION,260000,PROVIEW,img\produk\PROVIEW ANALOG 2MP OUTDOOR.jfif,,,,
P1117,PROVIEW ANALOG KAMERA 2MP DOME NIGHT VISION,260000,PROVIEW,img\produk\PROVIEW ANALOG 2MP.jfif,,,,
P1118,PROVIEW IPCAM KAMERA 3MP BULLET NIGHT VISION,395000,PROVIEW,img\produk\PROVIEW IPCAM 3MP OUTDOOR.jfif,,,,
P1119,PROVIEW IPCAM KAMERA 3MP DOME NIGHT VISION,395000,PROVIEW,img\produk\PROVIEW IPCAM 3MP INDOOR.jfif,,,,
P1120,KABEL COAXIAL RG59 300 METER,1229000,KABEL COAXIAL CCTV,img\produk\RG59 300M.jfif,,,,
P1121,KABEL COAXIAL RG59 50 METER,265000,KABEL COAXIAL CCTV,img\produk\KABEL COAXIAL RG59 50 METER.jfif,,,,
P1122,KABEL COAXIAL RG6 100 METER,620000,KABEL COAXIAL CCTV,img\produk\KABEL COAXIAL RG6 100 METER.jfif,,,,
P1123,KABEL LAN MIMACRO OUTDOOR 305 METER CAT6 FTP,845000,KABEL LAN,img\produk\MIMACRO CAT6 FTP OUTDOOR.jfif,,,,
P1124,KABEL LAN NYK INDOOR 305M CAT6 UTP,705000,KABEL LAN,img\produk\NYK CAT6.jpg,,,,
P1125,HIKVISION IPCAM KAMERA 2MP BULLET DS-2CD1021G0-I,835000,CCTV HIK,img\produk\HIKVISION IPCAM KAMERA 2MP BULLET DS-2CD1021G0-I.jfif,,,,
P1126,HIKVISION IPCAM KAMERA 2MP DOME DS-2CD1121G0-I,835000,CCTV HIK,img\produk\HIKVISION IPCAM KAMERA 2MP DOME DS-2CD1121G0-I.jfif,,,,
P1127,DAHUA IPCAM 4MP BULLET,825000,CCTV DAHUA,img\produk\DAHUA IPCAM BULLET 4MP HFW1430.jfif,,,,
P1128,DAHUA IPCAM 4MP DOME,825000,CCTV DAHUA,img\produk\DAHUA IPCAM DOME 4MP HDW1430.jfif,,,,
P1129,DAHUA NVR 4116HS-4K S3  16CHANNEL,2725000,CCTV DAHUA,img\produk\DAHUA NVR 4116HS-4K S3.jfif,,,,
P1130,NVR VIGI 8CHANNEL + 8 PORT POE,3279000,CCTV TP LINK,img\produk\vigi nvr1008h-8mp.jfif,,,,
P1131,NVR VIGI 8CHANNEL NON PORT POE,1549000,CCTV TP LINK,img\produk\vigi nvr 1008h non poe.jfif,,,,
P1132,NVR VIGI 16CHANNEL NON POE,1650000,CCTV TP LINK,img\produk\NVR DIGI 16 CHANNEL.jfif,,,,
P1133,IPCAM VIGI 2MP OUTDOOR AUDIO,565000,CCTV TP LINK,img\produk\IPCAM VIGI 2MP OUTDOOR AUDIO C320I.jfif,,,,
P1134,IPCAM VIGI 2MP INDOOR AUDIO,585000,CCTV TP LINK,img\produk\IPCAM VIGI 2MP INDOOR AUDIO C420I.jfif,,,,
P1135,IPCAM VIGI 2MP OUTDOOR AUDIO COLOR,625000,CCTV TP LINK,img\produk\IPCAM VIGI 2MP OUTDOOR AUDIO COLOR C320.jfif,,,,
P1136,IPCAM VIGI 4MP OUTDOOR AUDIO,829000,CCTV TP LINK,img\produk\IPCAM VIGI 4MP OUTDOOR AUDIO.jfif,,,,
P1137,IPCAM VIGI 4MP OUTDOOR FULLCOLOR,1039000,CCTV TP LINK,img\produk\IPCAM VIGI 4MP FULL COLOR.jfif,,,,
P1138,IPCAM VIGI 4MP INDOOR AUDIO,699000,CCTV TP LINK,img\produk\IPCAM VIGI 4MP INDOOR AUDIO.jfif,,,,
P1139,IPCAM VIGI 4MP INDOOR FULL COLOR,929000,CCTV TP LINK,img\produk\IPCAM VIGI INDOOR FULL COLOR.jfif,,,,
P1140,KONEKTOR BAREL LAN HIGH QUALITY,8500,KONEKTOR BAREL LAN,img\produk\KONEKTOR SAMBUNGAN LAN.webp,,,,
P1141,WEBCAM MTECH 1080P WB-350,195000,WEBCAM,img\produk\WEBCAM MTECH 1080P WB-350.webp,,,,
P1142,WEBCAM MTECH 1080HD WB-500,315000,WEBCAM,img\produk\WEBCAM MTECH 1080HD WB-500.webp,,,,
P1143,WEBCAM LOGITECH C270,469000,WEBCAM,img\produk\WEBCAM LOGITECH C270.jfif,,,,
P1144,WEBCAM LOGITECH BRIO 100 GRAPHITE,699000,WEBCAM,img\produk\WEBCAM LOGITECH BRIO 100 GRAPHITE.jfif,,,,
P1145,WEBCAM GAMING NEMESIS 1080P A80,395000,WEBCAM,img\produk\WEBCAM GAMING NEMESIS 1080P A80.webp,,,,
P1146,WEBCAM GAMING NEMESIS 2K A95 WHITE,495000,WEBCAM,img\produk\WEBCAM GAMING NEMESIS 2K A95 WHITE.jpeg,,,,
P1147,WEBCAM GAMING NEMESIS 2K A92 ,485000,WEBCAM,img\produk\WEBCAM GAMING NEMESIS 2K A92.jfif,,,,
P1148,HDTV 60M HDMI EXTENDER,295000,SPLITTER VGA & HDMI,img\produk\HDTV 60M.webp,,,,
P1149,HDMI SPLITTER 1X4,195000,SPLITTER VGA & HDMI,img\produk\HDMI SPLITTER 1X4.jpeg,,,,
P1150,CONVERTER VGA TO HDMI,165000,SPLITTER VGA & HDMI,img\produk\CONVERTER VGA TO HDMI.jfif,,,,
P1151,POE EXTENDER 1IN 3 OUT,285000,POE EXTENDER,img\produk\POE EXTENDER.jpeg,,,,
P1152,KABEL LAN BELDEN OUTDOOR CAT6 HITAM STP 305M,6250000,KABEL LAN,img\produk\KABEL LAN BELDEN STP HITAM OUTDOOR CAT6.webp,,,,
P1153,MTECH CRIMPING TOOL 3 HOLES ,80000,TOOLS,img\produk\CRIMPING TOOL 3 HOLES MTECH.jfif,,,,
P1154,KABEL HDMI TO HDMI JARING 1.5M,55000,KABEL VGA & HDMI,img\produk\kabel hdmi jaring.jfif,,,,
P1155,KABEL HDMI TO HDMI JARING 3M,65000,KABEL VGA & HDMI,img\produk\kabel hdmi jaring.jfif,,,,
P1156,KABEL HDMI TO HDMI JARING 10M,95000,KABEL VGA & HDMI,img\produk\kabel hdmi jaring.jfif,,,,
P1157,KABEL HDMI TO HDMI JARING 15M,115000,KABEL VGA & HDMI,img\produk\kabel hdmi jaring.jfif,,,,
P1158,KABEL HDMI TO HDMI JARING 20M ,135000,KABEL VGA & HDMI,img\produk\kabel hdmi jaring.jfif,,,,
P1159,KABEL HDMI TO HDMI JARING 25M,185000,KABEL VGA & HDMI,img\produk\kabel hdmi jaring.jfif,,,,
P1160,KABEL HDMI TO HDMI 2.0 4K 1.5M,65000,KABEL VGA & HDMI,img\produk\KABEL HDMI 2.0.jfif,,,,
P1161,KABEL HDMI TO HDMI 2.0 4K 3M,75000,KABEL VGA & HDMI,img\produk\KABEL HDMI 2.0.jfif,,,,
P1162,KABEL HDMI TO HDMI 2.0 4K 5M,85000,KABEL VGA & HDMI,img\produk\KABEL HDMI 2.0.jfif,,,,
P1163,KABEL HDMI TO HDMI 2.0 4K 10M,105000,KABEL VGA & HDMI,img\produk\KABEL HDMI 2.0.jfif,,,,
P1164,KABEL HDMI TO HDMI 2.0 4K 15M,155000,KABEL VGA & HDMI,img\produk\KABEL HDMI 2.0.jfif,,,,
P1165,KABEL HDMI TO HDMI 2.0 4K 20M,185000,KABEL VGA & HDMI,img\produk\KABEL HDMI 2.0.jfif,,,,
P1166,MTECH  LAN TESTER RJ45-RJ11 ,80000,TOOLS,img\produk\mtech lan tester.webp,,,,
P1167,NYK VGA SPLITTER 1-2 ,125000,SPLITTER VGA & HDMI,img\produk\id-11134207-81zte-mqzxxn2if37rd9.jfif,,,,
P1168,NYK VGA SPLITTER 1-4 + ADAPTOR ,155000,SPLITTER VGA & HDMI,img\produk\nyk splitter 1-4 adaptor.jfif,,,,
P1169,NYK VGA SPLITTER 1-8 + ADAPTOR ,275000,SPLITTER VGA & HDMI,img\produk\nyk splitter 1-8adaptor.jpg,,,,
P1170,NYK HDMI SPLITTER 2 PORT ,105000,SPLITTER VGA & HDMI,img\produk\hdmi splitter nyk 2 port.jfif,,,,
P1171,NYK HDMI SPLITTER 4 PORT  ,135000,SPLITTER VGA & HDMI,img\produk\hdmi splitter nyk 4 port.jfif,,,,
P1172,BELDEN AP700004 RJ45 50PCS,655000,KONEKTOR RJ45,img\produk\belden ap 700004.jfif,,,,
P1173,BELDEN AP700004 RJ45 1PCS,15000,KONEKTOR RJ45,img\produk\belden ap 700004.jfif,,,,
P1174,NYK RJ45 1PCS,1500,KONEKTOR RJ45,img\produk\KONEKTOR RJ45.jpg,,,,
P1175,DURADUS BULAT,42000,DURADUS,img\produk\DURADUS BULAT.webp,,,,
P1176,DURADUS KOTAK,20500,DURADUS,img\produk\DURADUS BOX.webp,,,,
P1177,MIJIA SMART AIR PURIFIER 6,3199000,XIAOMI AIR PURIFIER,img\produk\Mijia Smart Air Purifier 6.webp,AREA JANGKAUAN: 29-50M2; NOTE: PO 7-14 HARI,,,
P1178,XIAOMI SMART AIR PURIFIER 4 COMPACT,1499000,XIAOMI AIR PURIFIER,img\produk\Xiaomi Smart Air Purifer 4 Compact.png,AREA JANGKAUAN: 16-27M2; NOTE: PO 7-14 HARI,,,
P1179,XIAOMI SMART AIR PURIFIER 4 LITE,2199000,XIAOMI AIR PURIFIER,img\produk\Xiaomi Smart Air Purifier 4 Lite.webp,AREA JANGKAUAN: 25-43M2; NOTE: PO 7-14 HARI,,,
P1180,XIAOMI SMART AIR PURIFIER 4 PRO,3949000,XIAOMI AIR PURIFIER,img\produk\Xiaomi Smart Air Purifier 4 Pro.png,AREA JANGKAUAN: EFEKTIF 60M2; NOTE: PO 7-14 HARI,,,
P1181,HIVIEW WIFI PAN TILT 3MP,399000,HIVIEW,img\produk\HIVIEW WIFI PAN TILT 3MP.webp,,379000,,
P1182,ADVAN T-BOOK1 ,4399000,LAPTOP ADVAN,img\produk\ADVAN T-BOOK1.jfif,CPU: INTEL N100; RAM: 4GB; SSD: 128GB; OS:WIN11; DISPLAY: 14 INCI; NOTE: TAS,4350000,,
P1183,ADVAN T-BOOK2 LAKE-N ,4699000,LAPTOP ADVAN,img\produk\ADVAN T-BOOK2 LAKE-N.webp,CPU: INTEL N100; RAM:8GB; SSD: 128GB; OS:WIN11; DISPLAY:14 INCI; NOTE: TAS,4650000,,
P1184,ADVAN SOULMATE X ,4399000,LAPTOP ADVAN,img\produk\ADVAN SOULMATE X.jfif,CPU: AMD3020E; RAM:4GB; SSD:128GB; OS: WIN11; DISPLAY:14 INCI; NOTE: TAS,4349000,,
P1185,ADVAN SOULMATE X2 WHITE,4899000,LAPTOP ADVAN,img\produk\ADVAN SOULMATE X2 WHITE.jfif,CPU: AMD3020E; RAM:8GB; SSD:128GB; OS: WIN11; DISPLAY: 14INCI; NOTE:TAS,4849000,,
P1186,ADVAN SOULMATE X2 BLUE,4899000,LAPTOP ADVAN,img\produk\ADVAN SOULMATE X2 BLUE.jfif,CPU: AMD3020E; RAM:8GB; SSD:128GB; OS: WIN11; DISPLAY:14 INCI; NOTE:TAS,4849000,,
P1187,ADVAN SOULMATE X2 PINK,4899000,LAPTOP ADVAN,img\produk\ADVAN SOULMATE X2 PINK.jfif,CPU: AMD3020E; RAM: 8GB; SSD:128GB; OS:WIN11; DISPLAY:14 INCI; NOTE:TAS ,4849000,,
P1188,ADVAN WORKMATE GREY,6649000,LAPTOP ADVAN,img\produk\ADVAN WORKMATE.png,CPU: AMD RYZEN 5-3500U; RAM: 8 GB;SSD: 256GB; OS: WIN11; DISPLAY: 14 INCI; NOTE: TAS,6549000,,
P1189,ADVAN WORKMATE BLUE,6649000,LAPTOP ADVAN,img\produk\ADVAN WORKMATE.png,CPU: AMD RYZEN 5-3500U; RAM: 8GB; SSD:256GB; OS: WIN11; DISPLAY: 14 INCI; NOTE: TAS ,6549000,,
P1190,ADVAN WORKMATE ROSE GOLD,6649000,LAPTOP ADVAN,img\produk\ADVAN WORKMATE.png,CPU: AMD RYZEN 5-3500U; RAM:8GB; SSD:256GB; OS: WIN11; DISPLAY: 14 INCI; NOTE: TAS ,6549000,,
P1191,ADVAN WORKPLUS ,0,LAPTOP ADVAN,,CPU: AMD RYZEN R5-6600; RAM: 16GB; SSD: 512GB; OS: WIN11; DISPLAY: 14 INCI,,tidak dijual,
P1192,ADVAN WORKPLUS DARBOTZ ,9449000,LAPTOP ADVAN,img\produk\ADVAN WORKPLUS DARBOTZ.jfif,CPU: AMD RYZEN 7-7735HS; RAM: 16GB; SSD: 512GB; OS: WIN11; DISPLAY: 14,9349000,,
P1193,ADVAN WORKPLUS HERITAGE ,9349000,LAPTOP ADVAN,img\produk\ADVAN WORKPLUS HERITAGE.png,CPU: AMD RYZEN 7-7535; RAM:16GB; SSD:512GB; OS:WIN11; DISPLAY: 14,9249000,,
P1194,ADVAN WORKPLUS AI ,10999000,LAPTOP ADVAN,img\produk\ADVAN WORKPLUS AI.png,CPU: AMD RYZEN 7-255; RAM: 8GB; SSD: 512GB; OS: WIN11; DISPLAY: 14 INCI FHD,9999000,,
P1195,ADVAN 360 STYLUS ,7399000,LAPTOP ADVAN,img\produk\ADVAN 360 STYLUS.jpg,CPU: INTEL I3-1215U; RAM:8GB; SSD: 256GB; OS: WIN11; DISPLAY: 14 INCI,,,
P1196,ADVAN 360 STYLUS PRO ,7199000,LAPTOP ADVAN,img\produk\ADVAN 360 STYLUS PRO.jfif,CPU: AMD RYZEN R5-7430; RAM:8GB; SSD:512GB; OS: WIN11; DISPLAY: 14 INCI,,,
P1197,ADVAN PIXWAR T ,0,LAPTOP ADVAN,,CPU: R7-6800H; RAM:16GB; SSD:512GB; OS:WIN11; DISPLAY: 15.6 INCI,,tidak dijual,
P1198,ADVAN EVO-X ,6199000,LAPTOP ADVAN,img\produk\ADVAN EVO-X.png,CPU: INTEL PENTIUM GOLD 6500Y; RAM:12GB; SSD:256; OS:WIN11; DISPLAY:13 INCI,,,
P1199,CLEANING DEBU PC/LAPTOP GAMING INCLUDE GANTI PASTA ,300000,CLEANING DEBU PC/LAPTOP,img\produk\CLEANING DEBU.jfif,NOTE: UNTUK LAPTOP  GAMING,,,
P1200,MONITOR AOC GAMING 24G50Z2 260HZ,1829000,AOC,img\produk\MONITOR AOC GAMING 24G50Z2 260HZ.jfif,,,,
P1201,CASE TECWARE VXN GLOW M TG MAX + 3 FAN ARGB ,876000,TECWARE,img\produk\CASE TECWARE VXN GLOW M TG MAX + 3 FAN ARGB.jfif,,,,
P1202,CASE TECWARE VX TRINITY M2 M-ATX BLACK + 3 FAN ARGB ,685000,TECWARE,img\produk\CASE TECWARE VX TRINITY M2 M-ATX BLACK + 3 FAN ARGB.jfif,,,,
P1203,CASE TECWARE TIMBER M TG M-ATX BLACK + 4 FAN ,819000,TECWARE,img\produk\CASE TECWARE TIMBER M TG M-ATX BLACK + 4 FAN.jfif,,,,
P1204,CASE TECWARE TUMBER M TG M-ATX WHITE + 4 FAN ,819000,TECWARE,img\produk\CASE TECWARE TUMBER M TG M-ATX WHITE + 4 FAN.jfif,,,,
P1205,HIKFIRE GAS DETECTOR HF-GP110,785000,GAS DETECTOR,img\produk\HF GP110.jfif,,,,
P1206,GES TERMINAL ANTI SURGE PROTECTOR GM1-NR 1LUBANG,265000,TERMINAL SURGE PROTECTOR,img\produk\GES GM1 NR.jfif,,,,
P1207,GES TERMINAL ANTI SURGE PROTECTOR GM6CU-NR 6 LUBANG+USB,565000,TERMINAL SURGE PROTECTOR,img\produk\GES GM6CU NR.jfif,,,,
P1208,GES TERMINAL ANTI SURGE PROTECTOR GM6CU-SR 6 LUBANG+USB,625000,TERMINAL SURGE PROTECTOR,img\produk\GES GM6CU SR.jfif,,,,
P1209,CANON G1010,1475000,PRINTER CANON,img\produk\canon g1010.jfif,,,,
P1210,,,,,,,,
P1211,,,,,,,,
P1212,,,,,,,,
P1213,,,,,,,,
P1214,,,,,,,,
P1215,,,,,,,,
P1216,,,,,,,,
P1217,,,,,,,,
P1218,,,,,,,,
P1219,,,,,,,,
P1220,,,,,,,,
P1221,,,,,,,,
